-- MySQL dump 10.13  Distrib 5.6.25, for Linux (x86_64)
--
-- Host: localhost    Database: saatchi-mini
-- ------------------------------------------------------
-- Server version	5.6.25-log

/*!40101 SET @OLD_CHARACTER_SET_CLIENT=@@CHARACTER_SET_CLIENT */;
/*!40101 SET @OLD_CHARACTER_SET_RESULTS=@@CHARACTER_SET_RESULTS */;
/*!40101 SET @OLD_COLLATION_CONNECTION=@@COLLATION_CONNECTION */;
/*!40101 SET NAMES utf8 */;
/*!40103 SET @OLD_TIME_ZONE=@@TIME_ZONE */;
/*!40103 SET TIME_ZONE='+00:00' */;
/*!40014 SET @OLD_UNIQUE_CHECKS=@@UNIQUE_CHECKS, UNIQUE_CHECKS=0 */;
/*!40014 SET @OLD_FOREIGN_KEY_CHECKS=@@FOREIGN_KEY_CHECKS, FOREIGN_KEY_CHECKS=0 */;
/*!40101 SET @OLD_SQL_MODE=@@SQL_MODE, SQL_MODE='NO_AUTO_VALUE_ON_ZERO' */;
/*!40111 SET @OLD_SQL_NOTES=@@SQL_NOTES, SQL_NOTES=0 */;

--
-- Table structure for table `minicommentmeta`
--

DROP TABLE IF EXISTS `minicommentmeta`;
/*!40101 SET @saved_cs_client     = @@character_set_client */;
/*!40101 SET character_set_client = utf8 */;
CREATE TABLE `minicommentmeta` (
  `meta_id` bigint(20) unsigned NOT NULL AUTO_INCREMENT,
  `comment_id` bigint(20) unsigned NOT NULL DEFAULT '0',
  `meta_key` varchar(255) COLLATE utf8mb4_unicode_ci DEFAULT NULL,
  `meta_value` longtext COLLATE utf8mb4_unicode_ci,
  PRIMARY KEY (`meta_id`),
  KEY `comment_id` (`comment_id`),
  KEY `meta_key` (`meta_key`(191))
) ENGINE=InnoDB DEFAULT CHARSET=utf8mb4 COLLATE=utf8mb4_unicode_ci;
/*!40101 SET character_set_client = @saved_cs_client */;

--
-- Dumping data for table `minicommentmeta`
--

LOCK TABLES `minicommentmeta` WRITE;
/*!40000 ALTER TABLE `minicommentmeta` DISABLE KEYS */;
/*!40000 ALTER TABLE `minicommentmeta` ENABLE KEYS */;
UNLOCK TABLES;

--
-- Table structure for table `minicomments`
--

DROP TABLE IF EXISTS `minicomments`;
/*!40101 SET @saved_cs_client     = @@character_set_client */;
/*!40101 SET character_set_client = utf8 */;
CREATE TABLE `minicomments` (
  `comment_ID` bigint(20) unsigned NOT NULL AUTO_INCREMENT,
  `comment_post_ID` bigint(20) unsigned NOT NULL DEFAULT '0',
  `comment_author` tinytext COLLATE utf8mb4_unicode_ci NOT NULL,
  `comment_author_email` varchar(100) COLLATE utf8mb4_unicode_ci NOT NULL DEFAULT '',
  `comment_author_url` varchar(200) COLLATE utf8mb4_unicode_ci NOT NULL DEFAULT '',
  `comment_author_IP` varchar(100) COLLATE utf8mb4_unicode_ci NOT NULL DEFAULT '',
  `comment_date` datetime NOT NULL DEFAULT '0000-00-00 00:00:00',
  `comment_date_gmt` datetime NOT NULL DEFAULT '0000-00-00 00:00:00',
  `comment_content` text COLLATE utf8mb4_unicode_ci NOT NULL,
  `comment_karma` int(11) NOT NULL DEFAULT '0',
  `comment_approved` varchar(20) COLLATE utf8mb4_unicode_ci NOT NULL DEFAULT '1',
  `comment_agent` varchar(255) COLLATE utf8mb4_unicode_ci NOT NULL DEFAULT '',
  `comment_type` varchar(20) COLLATE utf8mb4_unicode_ci NOT NULL DEFAULT '',
  `comment_parent` bigint(20) unsigned NOT NULL DEFAULT '0',
  `user_id` bigint(20) unsigned NOT NULL DEFAULT '0',
  PRIMARY KEY (`comment_ID`),
  KEY `comment_post_ID` (`comment_post_ID`),
  KEY `comment_approved_date_gmt` (`comment_approved`,`comment_date_gmt`),
  KEY `comment_date_gmt` (`comment_date_gmt`),
  KEY `comment_parent` (`comment_parent`),
  KEY `comment_author_email` (`comment_author_email`(10))
) ENGINE=InnoDB AUTO_INCREMENT=2 DEFAULT CHARSET=utf8mb4 COLLATE=utf8mb4_unicode_ci;
/*!40101 SET character_set_client = @saved_cs_client */;

--
-- Dumping data for table `minicomments`
--

LOCK TABLES `minicomments` WRITE;
/*!40000 ALTER TABLE `minicomments` DISABLE KEYS */;
INSERT INTO `minicomments` VALUES (1,1,'Mr WordPress','','https://wordpress.org/','','2016-03-14 07:54:46','2016-03-14 07:54:46','Hi, this is a comment.\nTo delete a comment, just log in and view the post&#039;s comments. There you will have the option to edit or delete them.',0,'1','','',0,0);
/*!40000 ALTER TABLE `minicomments` ENABLE KEYS */;
UNLOCK TABLES;

--
-- Table structure for table `minilinks`
--

DROP TABLE IF EXISTS `minilinks`;
/*!40101 SET @saved_cs_client     = @@character_set_client */;
/*!40101 SET character_set_client = utf8 */;
CREATE TABLE `minilinks` (
  `link_id` bigint(20) unsigned NOT NULL AUTO_INCREMENT,
  `link_url` varchar(255) COLLATE utf8mb4_unicode_ci NOT NULL DEFAULT '',
  `link_name` varchar(255) COLLATE utf8mb4_unicode_ci NOT NULL DEFAULT '',
  `link_image` varchar(255) COLLATE utf8mb4_unicode_ci NOT NULL DEFAULT '',
  `link_target` varchar(25) COLLATE utf8mb4_unicode_ci NOT NULL DEFAULT '',
  `link_description` varchar(255) COLLATE utf8mb4_unicode_ci NOT NULL DEFAULT '',
  `link_visible` varchar(20) COLLATE utf8mb4_unicode_ci NOT NULL DEFAULT 'Y',
  `link_owner` bigint(20) unsigned NOT NULL DEFAULT '1',
  `link_rating` int(11) NOT NULL DEFAULT '0',
  `link_updated` datetime NOT NULL DEFAULT '0000-00-00 00:00:00',
  `link_rel` varchar(255) COLLATE utf8mb4_unicode_ci NOT NULL DEFAULT '',
  `link_notes` mediumtext COLLATE utf8mb4_unicode_ci NOT NULL,
  `link_rss` varchar(255) COLLATE utf8mb4_unicode_ci NOT NULL DEFAULT '',
  PRIMARY KEY (`link_id`),
  KEY `link_visible` (`link_visible`)
) ENGINE=InnoDB DEFAULT CHARSET=utf8mb4 COLLATE=utf8mb4_unicode_ci;
/*!40101 SET character_set_client = @saved_cs_client */;

--
-- Dumping data for table `minilinks`
--

LOCK TABLES `minilinks` WRITE;
/*!40000 ALTER TABLE `minilinks` DISABLE KEYS */;
/*!40000 ALTER TABLE `minilinks` ENABLE KEYS */;
UNLOCK TABLES;

--
-- Table structure for table `minimasterslider_options`
--

DROP TABLE IF EXISTS `minimasterslider_options`;
/*!40101 SET @saved_cs_client     = @@character_set_client */;
/*!40101 SET character_set_client = utf8 */;
CREATE TABLE `minimasterslider_options` (
  `ID` smallint(5) unsigned NOT NULL AUTO_INCREMENT,
  `option_name` varchar(120) COLLATE utf8mb4_unicode_ci NOT NULL,
  `option_value` text COLLATE utf8mb4_unicode_ci NOT NULL,
  PRIMARY KEY (`ID`),
  UNIQUE KEY `option_name` (`option_name`)
) ENGINE=InnoDB AUTO_INCREMENT=2 DEFAULT CHARSET=utf8mb4 COLLATE=utf8mb4_unicode_ci;
/*!40101 SET character_set_client = @saved_cs_client */;

--
-- Dumping data for table `minimasterslider_options`
--

LOCK TABLES `minimasterslider_options` WRITE;
/*!40000 ALTER TABLE `minimasterslider_options` DISABLE KEYS */;
INSERT INTO `minimasterslider_options` VALUES (1,'masterslider_custom_css_ver','1.8');
/*!40000 ALTER TABLE `minimasterslider_options` ENABLE KEYS */;
UNLOCK TABLES;

--
-- Table structure for table `minimasterslider_sliders`
--

DROP TABLE IF EXISTS `minimasterslider_sliders`;
/*!40101 SET @saved_cs_client     = @@character_set_client */;
/*!40101 SET character_set_client = utf8 */;
CREATE TABLE `minimasterslider_sliders` (
  `ID` mediumint(8) unsigned NOT NULL AUTO_INCREMENT,
  `title` varchar(100) COLLATE utf8mb4_unicode_ci NOT NULL,
  `type` varchar(64) COLLATE utf8mb4_unicode_ci NOT NULL,
  `slides_num` smallint(5) unsigned NOT NULL,
  `date_created` datetime NOT NULL DEFAULT '0000-00-00 00:00:00',
  `date_modified` datetime NOT NULL DEFAULT '0000-00-00 00:00:00',
  `params` mediumtext COLLATE utf8mb4_unicode_ci NOT NULL,
  `custom_styles` text COLLATE utf8mb4_unicode_ci NOT NULL,
  `custom_fonts` text COLLATE utf8mb4_unicode_ci NOT NULL,
  `status` varchar(10) COLLATE utf8mb4_unicode_ci NOT NULL DEFAULT 'draft',
  PRIMARY KEY (`ID`),
  KEY `date_created` (`date_created`)
) ENGINE=InnoDB AUTO_INCREMENT=3 DEFAULT CHARSET=utf8mb4 COLLATE=utf8mb4_unicode_ci;
/*!40101 SET character_set_client = @saved_cs_client */;

--
-- Dumping data for table `minimasterslider_sliders`
--

LOCK TABLES `minimasterslider_sliders` WRITE;
/*!40000 ALTER TABLE `minimasterslider_sliders` DISABLE KEYS */;
INSERT INTO `minimasterslider_sliders` VALUES (1,'Saatchi Slider','custom',2,'2016-03-28 17:10:14','2016-03-28 17:21:29','eyJtZXRhIjp7IlNldHRpbmdzIWlkcyI6IjEiLCJTZXR0aW5ncyFuZXh0SWQiOjIsIlNsaWRlIWlkcyI6IjEsMiIsIlNsaWRlIW5leHRJZCI6MywiQ29udHJvbCFpZHMiOiIyIiwiQ29udHJvbCFuZXh0SWQiOjN9LCJNU1BhbmVsLlNldHRpbmdzIjp7IjEiOiJ7XCJpZFwiOlwiMVwiLFwic25hcHBpbmdcIjp0cnVlLFwiZGlzYWJsZUNvbnRyb2xzXCI6ZmFsc2UsXCJuYW1lXCI6XCJTYWF0Y2hpIFNsaWRlclwiLFwid2lkdGhcIjoxODAwLFwiaGVpZ2h0XCI6XCI1MDBcIixcIndyYXBwZXJXaWR0aFVuaXRcIjpcInB4XCIsXCJhdXRvQ3JvcFwiOnRydWUsXCJ0eXBlXCI6XCJjdXN0b21cIixcInNsaWRlcklkXCI6XCIxXCIsXCJsYXlvdXRcIjpcImZ1bGx3aWR0aFwiLFwiYXV0b0hlaWdodFwiOmZhbHNlLFwidHJWaWV3XCI6XCJiYXNpY1wiLFwic3BlZWRcIjpcIjIwXCIsXCJzcGFjZVwiOlwiMFwiLFwic3RhcnRcIjpcIjFcIixcImdyYWJDdXJzb3JcIjpcIjFcIixcInN3aXBlXCI6XCIxXCIsXCJtb3VzZVwiOlwiMVwiLFwid2hlZWxcIjpcIlwiLFwiYXV0b3BsYXlcIjp0cnVlLFwibG9vcFwiOnRydWUsXCJzaHVmZmxlXCI6XCJcIixcInByZWxvYWRcIjpcIi0xXCIsXCJvdmVyUGF1c2VcIjpmYWxzZSxcImVuZFBhdXNlXCI6XCJcIixcImhpZGVMYXllcnNcIjpcIlwiLFwiZGlyXCI6XCJoXCIsXCJwYXJhbGxheE1vZGVcIjpcInN3aXBlXCIsXCJ1c2VEZWVwTGlua1wiOmZhbHNlLFwiZGVlcExpbmtUeXBlXCI6XCJwYXRoXCIsXCJzY3JvbGxQYXJhbGxheE1vdmVcIjozMCxcInNjcm9sbFBhcmFsbGF4QkdNb3ZlXCI6NTAsXCJzY3JvbGxQYXJhbGxheEZhZGVcIjp0cnVlLFwiY2VudGVyQ29udHJvbHNcIjpcIjFcIixcImluc3RhbnRTaG93TGF5ZXJzXCI6XCJcIixcImNsYXNzTmFtZVwiOlwiXCIsXCJza2luXCI6XCJtcy1za2luLWJsYWNrLTFcIixcIm1zVGVtcGxhdGVcIjpcImN1c3RvbVwiLFwibXNUZW1wbGF0ZUNsYXNzXCI6XCJcIixcInVzZWRGb250c1wiOlwiXCJ9In0sIk1TUGFuZWwuU2xpZGUiOnsiMSI6IntcImlkXCI6XCIxXCIsXCJ0aW1lbGluZV9oXCI6MjAwLFwiYmdUaHVtYlwiOlwiLzIwMTYvMDMvc2xpZGVyLTQ2MHgxMjguanBnXCIsXCJvcmRlclwiOjAsXCJiZ1wiOlwiLzIwMTYvMDMvc2xpZGVyLmpwZ1wiLFwiZHVyYXRpb25cIjozLFwiZmlsbE1vZGVcIjpcInN0cmV0Y2hcIixcImluZm9cIjpcIlNsaWRlcjFcIixcImJndl9maWxsbW9kZVwiOlwiZmlsbFwiLFwiYmd2X2xvb3BcIjpcIjFcIixcImJndl9tdXRlXCI6XCIxXCIsXCJiZ3ZfYXV0b3BhdXNlXCI6XCJcIixcImJnQWx0XCI6XCJcIixcImxheWVyX2lkc1wiOltdfSIsIjIiOiJ7XCJpZFwiOjIsXCJ0aW1lbGluZV9oXCI6MjAwLFwiYmdUaHVtYlwiOlwiLzIwMTYvMDMvc2FhdGNoaV9zbGlkZXItNDYweDEyOC5qcGdcIixcIm9yZGVyXCI6MSxcImJnXCI6XCIvMjAxNi8wMy9zYWF0Y2hpX3NsaWRlci5qcGdcIixcImR1cmF0aW9uXCI6MyxcImZpbGxNb2RlXCI6XCJzdHJldGNoXCIsXCJpbmZvXCI6XCJTbGlkZXIyXCIsXCJjb2xvck92ZXJsYXlcIjpcIiM1YjUxNTFcIixcImJndl9maWxsbW9kZVwiOlwiZmlsbFwiLFwiYmd2X2xvb3BcIjpcIjFcIixcImJndl9tdXRlXCI6XCIxXCIsXCJiZ3ZfYXV0b3BhdXNlXCI6XCJcIixcImJnQWx0XCI6XCJcIixcImxheWVyX2lkc1wiOltdfSJ9LCJNU1BhbmVsLkNvbnRyb2wiOnsiMiI6IntcImlkXCI6MixcImxhYmVsXCI6XCJMaW5lIFRpbWVyXCIsXCJuYW1lXCI6XCJ0aW1lYmFyXCIsXCJhdXRvSGlkZVwiOmZhbHNlLFwib3ZlclZpZGVvXCI6dHJ1ZSxcImNvbG9yXCI6XCIjRkZGRkZGXCIsXCJ3aWR0aFwiOjQsXCJhbGlnblwiOlwiYm90dG9tXCIsXCJpbnNldFwiOnRydWV9In19','','','published'),(2,'Saatchi Slider copy','custom',3,'2016-03-30 15:03:23','2016-03-30 15:03:23','eyJtZXRhIjp7IlNldHRpbmdzIWlkcyI6IjEiLCJTZXR0aW5ncyFuZXh0SWQiOjIsIlNsaWRlIWlkcyI6IjEsMiwzIiwiU2xpZGUhbmV4dElkIjo0LCJDb250cm9sIWlkcyI6IjUsNiIsIkNvbnRyb2whbmV4dElkIjo3LCJDYWxsYmFjayFpZHMiOiIiLCJDYWxsYmFjayFuZXh0SWQiOjJ9LCJNU1BhbmVsLlNldHRpbmdzIjp7IjEiOiJ7XCJpZFwiOlwiMVwiLFwic25hcHBpbmdcIjp0cnVlLFwiZGlzYWJsZUNvbnRyb2xzXCI6ZmFsc2UsXCJuYW1lXCI6XCJTYWF0Y2hpIFNsaWRlclwiLFwid2lkdGhcIjoxODAwLFwiaGVpZ2h0XCI6XCI1MDBcIixcIndyYXBwZXJXaWR0aFVuaXRcIjpcInB4XCIsXCJhdXRvQ3JvcFwiOnRydWUsXCJ0eXBlXCI6XCJjdXN0b21cIixcInNsaWRlcklkXCI6XCIxXCIsXCJsYXlvdXRcIjpcImZ1bGx3aWR0aFwiLFwiYXV0b0hlaWdodFwiOmZhbHNlLFwidHJWaWV3XCI6XCJmYWRlXCIsXCJzcGVlZFwiOlwiMjBcIixcInNwYWNlXCI6XCIwXCIsXCJzdGFydFwiOlwiMVwiLFwiZ3JhYkN1cnNvclwiOlwiMVwiLFwic3dpcGVcIjpcIjFcIixcIm1vdXNlXCI6XCIxXCIsXCJ3aGVlbFwiOlwiXCIsXCJhdXRvcGxheVwiOnRydWUsXCJsb29wXCI6dHJ1ZSxcInNodWZmbGVcIjpcIlwiLFwicHJlbG9hZFwiOlwiLTFcIixcIm92ZXJQYXVzZVwiOnRydWUsXCJlbmRQYXVzZVwiOlwiXCIsXCJoaWRlTGF5ZXJzXCI6XCJcIixcImRpclwiOlwiaFwiLFwicGFyYWxsYXhNb2RlXCI6XCJzd2lwZVwiLFwidXNlRGVlcExpbmtcIjpmYWxzZSxcImRlZXBMaW5rVHlwZVwiOlwicGF0aFwiLFwic2Nyb2xsUGFyYWxsYXhNb3ZlXCI6MzAsXCJzY3JvbGxQYXJhbGxheEJHTW92ZVwiOjUwLFwic2Nyb2xsUGFyYWxsYXhGYWRlXCI6dHJ1ZSxcImNlbnRlckNvbnRyb2xzXCI6dHJ1ZSxcImluc3RhbnRTaG93TGF5ZXJzXCI6XCJcIixcImNsYXNzTmFtZVwiOlwiXCIsXCJza2luXCI6XCJtcy1za2luLWJsYWNrLTFcIixcIm1zVGVtcGxhdGVcIjpcImN1c3RvbVwiLFwibXNUZW1wbGF0ZUNsYXNzXCI6XCJcIixcInVzZWRGb250c1wiOlwiXCJ9In0sIk1TUGFuZWwuU2xpZGUiOnsiMSI6IntcImlkXCI6XCIxXCIsXCJ0aW1lbGluZV9oXCI6MjAwLFwiYmdUaHVtYlwiOlwiLzIwMTYvMDMvc2xpZGVyLTQ2MHgxMjguanBnXCIsXCJvcmRlclwiOjAsXCJiZ1wiOlwiLzIwMTYvMDMvc2xpZGVyLmpwZ1wiLFwiZHVyYXRpb25cIjo0LFwiZmlsbE1vZGVcIjpcInN0cmV0Y2hcIixcImluZm9cIjpcIlNsaWRlcjFcIixcImJndl9maWxsbW9kZVwiOlwiZmlsbFwiLFwiYmd2X2xvb3BcIjpcIjFcIixcImJndl9tdXRlXCI6XCIxXCIsXCJiZ3ZfYXV0b3BhdXNlXCI6XCJcIixcImJnQWx0XCI6XCJcIixcImxheWVyX2lkc1wiOltdfSIsIjIiOiJ7XCJpZFwiOjIsXCJ0aW1lbGluZV9oXCI6MjAwLFwiYmdUaHVtYlwiOlwiLzIwMTYvMDMvc2FhdGNoaV9zbGlkZXItNDYweDEyOC5qcGdcIixcIm9yZGVyXCI6MSxcImJnXCI6XCIvMjAxNi8wMy9zYWF0Y2hpX3NsaWRlci5qcGdcIixcImR1cmF0aW9uXCI6NCxcImZpbGxNb2RlXCI6XCJzdHJldGNoXCIsXCJpbmZvXCI6XCJTbGlkZXIyXCIsXCJjb2xvck92ZXJsYXlcIjpcIiM1YjUxNTFcIixcImJndl9maWxsbW9kZVwiOlwiZmlsbFwiLFwiYmd2X2xvb3BcIjpcIjFcIixcImJndl9tdXRlXCI6XCIxXCIsXCJiZ3ZfYXV0b3BhdXNlXCI6XCJcIixcImJnQWx0XCI6XCJcIixcImxheWVyX2lkc1wiOltdfSIsIjMiOiJ7XCJpZFwiOjMsXCJ0aW1lbGluZV9oXCI6MjAwLFwiYmdUaHVtYlwiOlwiLzIwMTYvMDMvc2FhdGNoaS00NjB4MjU4LmpwZ1wiLFwib3JkZXJcIjoyLFwiYmdcIjpcIi8yMDE2LzAzL3NhYXRjaGkuanBnXCIsXCJkdXJhdGlvblwiOjQsXCJmaWxsTW9kZVwiOlwiZmlsbFwiLFwiaW5mb1wiOlwiU2xpZGVyM1wiLFwiYmd2X2ZpbGxtb2RlXCI6XCJmaWxsXCIsXCJiZ3ZfbG9vcFwiOlwiMVwiLFwiYmd2X211dGVcIjpcIjFcIixcImJndl9hdXRvcGF1c2VcIjpcIlwiLFwiYmdBbHRcIjpcIlwiLFwibGF5ZXJfaWRzXCI6W119In0sIk1TUGFuZWwuQ29udHJvbCI6eyI1Ijoie1wiaWRcIjo1LFwibGFiZWxcIjpcIkJ1bGxldHNcIixcIm5hbWVcIjpcImJ1bGxldHNcIixcImF1dG9IaWRlXCI6ZmFsc2UsXCJvdmVyVmlkZW9cIjp0cnVlLFwibWFyZ2luXCI6NSxcImRpclwiOlwiaFwiLFwic3BhY2VcIjo2LFwiYWxpZ25cIjpcImJvdHRvbVwiLFwiaW5zZXRcIjp0cnVlfSIsIjYiOiJ7XCJpZFwiOjYsXCJsYWJlbFwiOlwiU2xpZGUgSW5mb1wiLFwibmFtZVwiOlwic2xpZGVpbmZvXCIsXCJhdXRvSGlkZVwiOmZhbHNlLFwib3ZlclZpZGVvXCI6dHJ1ZSxcIm1hcmdpblwiOjEwLFwiYWxpZ25cIjpcInRvcFwiLFwiaW5zZXRcIjp0cnVlfSJ9LCJNU1BhbmVsLkNhbGxiYWNrIjp7fX0=','','','published');
/*!40000 ALTER TABLE `minimasterslider_sliders` ENABLE KEYS */;
UNLOCK TABLES;

--
-- Table structure for table `minioptions`
--

DROP TABLE IF EXISTS `minioptions`;
/*!40101 SET @saved_cs_client     = @@character_set_client */;
/*!40101 SET character_set_client = utf8 */;
CREATE TABLE `minioptions` (
  `option_id` bigint(20) unsigned NOT NULL AUTO_INCREMENT,
  `option_name` varchar(191) COLLATE utf8mb4_unicode_ci NOT NULL DEFAULT '',
  `option_value` longtext COLLATE utf8mb4_unicode_ci NOT NULL,
  `autoload` varchar(20) COLLATE utf8mb4_unicode_ci NOT NULL DEFAULT 'yes',
  PRIMARY KEY (`option_id`),
  UNIQUE KEY `option_name` (`option_name`)
) ENGINE=InnoDB AUTO_INCREMENT=550 DEFAULT CHARSET=utf8mb4 COLLATE=utf8mb4_unicode_ci;
/*!40101 SET character_set_client = @saved_cs_client */;

--
-- Dumping data for table `minioptions`
--

LOCK TABLES `minioptions` WRITE;
/*!40000 ALTER TABLE `minioptions` DISABLE KEYS */;
INSERT INTO `minioptions` VALUES (1,'siteurl','http://saatchi-mini.dev','yes'),(2,'home','http://saatchi-mini.dev','yes'),(3,'blogname','Saatchi &amp; Saatchi','yes'),(4,'blogdescription','','yes'),(5,'users_can_register','0','yes'),(6,'admin_email','jung.li@saatchi.com.cn','yes'),(7,'start_of_week','1','yes'),(8,'use_balanceTags','0','yes'),(9,'use_smilies','1','yes'),(10,'require_name_email','1','yes'),(11,'comments_notify','1','yes'),(12,'posts_per_rss','10','yes'),(13,'rss_use_excerpt','0','yes'),(14,'mailserver_url','mail.example.com','yes'),(15,'mailserver_login','login@example.com','yes'),(16,'mailserver_pass','password','yes'),(17,'mailserver_port','110','yes'),(18,'default_category','1','yes'),(19,'default_comment_status','closed','yes'),(20,'default_ping_status','open','yes'),(21,'default_pingback_flag','1','yes'),(22,'posts_per_page','10','yes'),(23,'date_format','j F  Y','yes'),(24,'time_format','g:i a','yes'),(25,'links_updated_date_format','F j, Y g:i a','yes'),(26,'comment_moderation','','yes'),(27,'moderation_notify','1','yes'),(28,'permalink_structure','/%postname%/','yes'),(29,'hack_file','0','yes'),(30,'blog_charset','UTF-8','yes'),(31,'moderation_keys','','no'),(32,'active_plugins','a:3:{i:0;s:13:\"CMB2/init.php\";i:1;s:31:\"master-slider/master-slider.php\";i:2;s:37:\"tinymce-advanced/tinymce-advanced.php\";}','yes'),(33,'category_base','','yes'),(34,'ping_sites','http://rpc.pingomatic.com/','yes'),(35,'comment_max_links','2','yes'),(36,'gmt_offset','','yes'),(37,'default_email_category','1','yes'),(38,'recently_edited','a:4:{i:0;s:100:\"/www/saatchi-mini/wp-content/plugins/template-for-custom-post-types/template-for-custom-posttype.php\";i:1;s:76:\"/www/saatchi-mini/wp-content/plugins/single-post-template/post_templates.php\";i:2;s:53:\"/www/saatchi-mini/wp-content/themes/saatchi/style.css\";i:3;s:0:\"\";}','no'),(39,'template','saatchi','yes'),(40,'stylesheet','saatchi','yes'),(41,'comment_whitelist','1','yes'),(42,'blacklist_keys','','no'),(43,'comment_registration','1','yes'),(44,'html_type','text/html','yes'),(45,'use_trackback','0','yes'),(46,'default_role','subscriber','yes'),(47,'db_version','35700','yes'),(48,'uploads_use_yearmonth_folders','1','yes'),(49,'upload_path','','yes'),(50,'blog_public','1','yes'),(51,'default_link_category','2','yes'),(52,'show_on_front','posts','yes'),(53,'tag_base','','yes'),(54,'show_avatars','','yes'),(55,'avatar_rating','G','yes'),(56,'upload_url_path','','yes'),(57,'thumbnail_size_w','460','yes'),(58,'thumbnail_size_h','308','yes'),(59,'thumbnail_crop','','yes'),(60,'medium_size_w','753','yes'),(61,'medium_size_h','422','yes'),(62,'avatar_default','mystery','yes'),(63,'large_size_w','1024','yes'),(64,'large_size_h','1024','yes'),(65,'image_default_link_type','','yes'),(66,'image_default_size','','yes'),(67,'image_default_align','','yes'),(68,'close_comments_for_old_posts','','yes'),(69,'close_comments_days_old','14','yes'),(70,'thread_comments','1','yes'),(71,'thread_comments_depth','5','yes'),(72,'page_comments','','yes'),(73,'comments_per_page','50','yes'),(74,'default_comments_page','newest','yes'),(75,'comment_order','asc','yes'),(76,'sticky_posts','a:0:{}','yes'),(77,'widget_categories','a:1:{s:12:\"_multiwidget\";i:1;}','yes'),(78,'widget_text','a:3:{i:1;a:0:{}i:2;a:3:{s:5:\"title\";s:0:\"\";s:4:\"text\";s:372:\"<nav class=\"legal-nav\">\r\n        <ul>\r\n          <li><a href=\"http://en.saatchi.com.cn/en-gb/network/contact-us/\">Contact Us</a></li>\r\n                      <li><a href=\"http://en.saatchi.com.cn/en-gb/terms/\">Terms &amp; Conditions</a></li>\r\n                      <li><a href=\"http://en.saatchi.com.cn/en-gb/privacy/\">Privacy Policy</a></li>\r\n                  </ul></nav>\";s:6:\"filter\";b:0;}s:12:\"_multiwidget\";i:1;}','yes'),(79,'widget_rss','a:2:{i:1;a:0:{}s:12:\"_multiwidget\";i:1;}','yes'),(80,'uninstall_plugins','a:0:{}','no'),(81,'timezone_string','Asia/Hong_Kong','yes'),(82,'page_for_posts','0','yes'),(83,'page_on_front','0','yes'),(84,'default_post_format','0','yes'),(85,'link_manager_enabled','0','yes'),(86,'finished_splitting_shared_terms','1','yes'),(87,'site_icon','0','yes'),(88,'medium_large_size_w','0','yes'),(89,'medium_large_size_h','0','yes'),(90,'initial_db_version','35700','yes'),(91,'miniuser_roles','a:5:{s:13:\"administrator\";a:2:{s:4:\"name\";s:13:\"Administrator\";s:12:\"capabilities\";a:67:{s:13:\"switch_themes\";b:1;s:11:\"edit_themes\";b:1;s:16:\"activate_plugins\";b:1;s:12:\"edit_plugins\";b:1;s:10:\"edit_users\";b:1;s:10:\"edit_files\";b:1;s:14:\"manage_options\";b:1;s:17:\"moderate_comments\";b:1;s:17:\"manage_categories\";b:1;s:12:\"manage_links\";b:1;s:12:\"upload_files\";b:1;s:6:\"import\";b:1;s:15:\"unfiltered_html\";b:1;s:10:\"edit_posts\";b:1;s:17:\"edit_others_posts\";b:1;s:20:\"edit_published_posts\";b:1;s:13:\"publish_posts\";b:1;s:10:\"edit_pages\";b:1;s:4:\"read\";b:1;s:8:\"level_10\";b:1;s:7:\"level_9\";b:1;s:7:\"level_8\";b:1;s:7:\"level_7\";b:1;s:7:\"level_6\";b:1;s:7:\"level_5\";b:1;s:7:\"level_4\";b:1;s:7:\"level_3\";b:1;s:7:\"level_2\";b:1;s:7:\"level_1\";b:1;s:7:\"level_0\";b:1;s:17:\"edit_others_pages\";b:1;s:20:\"edit_published_pages\";b:1;s:13:\"publish_pages\";b:1;s:12:\"delete_pages\";b:1;s:19:\"delete_others_pages\";b:1;s:22:\"delete_published_pages\";b:1;s:12:\"delete_posts\";b:1;s:19:\"delete_others_posts\";b:1;s:22:\"delete_published_posts\";b:1;s:20:\"delete_private_posts\";b:1;s:18:\"edit_private_posts\";b:1;s:18:\"read_private_posts\";b:1;s:20:\"delete_private_pages\";b:1;s:18:\"edit_private_pages\";b:1;s:18:\"read_private_pages\";b:1;s:12:\"delete_users\";b:1;s:12:\"create_users\";b:1;s:17:\"unfiltered_upload\";b:1;s:14:\"edit_dashboard\";b:1;s:14:\"update_plugins\";b:1;s:14:\"delete_plugins\";b:1;s:15:\"install_plugins\";b:1;s:13:\"update_themes\";b:1;s:14:\"install_themes\";b:1;s:11:\"update_core\";b:1;s:10:\"list_users\";b:1;s:12:\"remove_users\";b:1;s:13:\"promote_users\";b:1;s:18:\"edit_theme_options\";b:1;s:13:\"delete_themes\";b:1;s:6:\"export\";b:1;s:19:\"access_masterslider\";b:1;s:20:\"publish_masterslider\";b:1;s:19:\"delete_masterslider\";b:1;s:19:\"create_masterslider\";b:1;s:19:\"export_masterslider\";b:1;s:22:\"duplicate_masterslider\";b:1;}}s:6:\"editor\";a:2:{s:4:\"name\";s:6:\"Editor\";s:12:\"capabilities\";a:40:{s:17:\"moderate_comments\";b:1;s:17:\"manage_categories\";b:1;s:12:\"manage_links\";b:1;s:12:\"upload_files\";b:1;s:15:\"unfiltered_html\";b:1;s:10:\"edit_posts\";b:1;s:17:\"edit_others_posts\";b:1;s:20:\"edit_published_posts\";b:1;s:13:\"publish_posts\";b:1;s:10:\"edit_pages\";b:1;s:4:\"read\";b:1;s:7:\"level_7\";b:1;s:7:\"level_6\";b:1;s:7:\"level_5\";b:1;s:7:\"level_4\";b:1;s:7:\"level_3\";b:1;s:7:\"level_2\";b:1;s:7:\"level_1\";b:1;s:7:\"level_0\";b:1;s:17:\"edit_others_pages\";b:1;s:20:\"edit_published_pages\";b:1;s:13:\"publish_pages\";b:1;s:12:\"delete_pages\";b:1;s:19:\"delete_others_pages\";b:1;s:22:\"delete_published_pages\";b:1;s:12:\"delete_posts\";b:1;s:19:\"delete_others_posts\";b:1;s:22:\"delete_published_posts\";b:1;s:20:\"delete_private_posts\";b:1;s:18:\"edit_private_posts\";b:1;s:18:\"read_private_posts\";b:1;s:20:\"delete_private_pages\";b:1;s:18:\"edit_private_pages\";b:1;s:18:\"read_private_pages\";b:1;s:19:\"access_masterslider\";b:1;s:20:\"publish_masterslider\";b:1;s:19:\"delete_masterslider\";b:1;s:19:\"create_masterslider\";b:1;s:19:\"export_masterslider\";b:1;s:22:\"duplicate_masterslider\";b:1;}}s:6:\"author\";a:2:{s:4:\"name\";s:6:\"Author\";s:12:\"capabilities\";a:10:{s:12:\"upload_files\";b:1;s:10:\"edit_posts\";b:1;s:20:\"edit_published_posts\";b:1;s:13:\"publish_posts\";b:1;s:4:\"read\";b:1;s:7:\"level_2\";b:1;s:7:\"level_1\";b:1;s:7:\"level_0\";b:1;s:12:\"delete_posts\";b:1;s:22:\"delete_published_posts\";b:1;}}s:11:\"contributor\";a:2:{s:4:\"name\";s:11:\"Contributor\";s:12:\"capabilities\";a:5:{s:10:\"edit_posts\";b:1;s:4:\"read\";b:1;s:7:\"level_1\";b:1;s:7:\"level_0\";b:1;s:12:\"delete_posts\";b:1;}}s:10:\"subscriber\";a:2:{s:4:\"name\";s:10:\"Subscriber\";s:12:\"capabilities\";a:2:{s:4:\"read\";b:1;s:7:\"level_0\";b:1;}}}','yes'),(92,'widget_search','a:1:{s:12:\"_multiwidget\";i:1;}','yes'),(93,'widget_recent-posts','a:1:{s:12:\"_multiwidget\";i:1;}','yes'),(94,'widget_recent-comments','a:1:{s:12:\"_multiwidget\";i:1;}','yes'),(95,'widget_archives','a:1:{s:12:\"_multiwidget\";i:1;}','yes'),(96,'widget_meta','a:1:{s:12:\"_multiwidget\";i:1;}','yes'),(97,'sidebars_widgets','a:4:{s:19:\"wp_inactive_widgets\";a:0:{}s:9:\"sidebar-1\";a:0:{}s:24:\"first-footer-widget-area\";a:1:{i:0;s:6:\"text-2\";}s:13:\"array_version\";i:3;}','yes'),(99,'widget_pages','a:1:{s:12:\"_multiwidget\";i:1;}','yes'),(100,'widget_calendar','a:1:{s:12:\"_multiwidget\";i:1;}','yes'),(101,'widget_tag_cloud','a:1:{s:12:\"_multiwidget\";i:1;}','yes'),(102,'widget_nav_menu','a:1:{s:12:\"_multiwidget\";i:1;}','yes'),(103,'cron','a:5:{i:1459396937;a:1:{s:30:\"wp_scheduled_auto_draft_delete\";a:1:{s:32:\"40cd750bba9870f18aada2478b24840a\";a:3:{s:8:\"schedule\";s:5:\"daily\";s:4:\"args\";a:0:{}s:8:\"interval\";i:86400;}}}i:1459398298;a:1:{s:16:\"wp_version_check\";a:1:{s:32:\"40cd750bba9870f18aada2478b24840a\";a:2:{s:8:\"schedule\";b:0;s:4:\"args\";a:0:{}}}}i:1459410886;a:3:{s:16:\"wp_version_check\";a:1:{s:32:\"40cd750bba9870f18aada2478b24840a\";a:3:{s:8:\"schedule\";s:10:\"twicedaily\";s:4:\"args\";a:0:{}s:8:\"interval\";i:43200;}}s:17:\"wp_update_plugins\";a:1:{s:32:\"40cd750bba9870f18aada2478b24840a\";a:3:{s:8:\"schedule\";s:10:\"twicedaily\";s:4:\"args\";a:0:{}s:8:\"interval\";i:43200;}}s:16:\"wp_update_themes\";a:1:{s:32:\"40cd750bba9870f18aada2478b24840a\";a:3:{s:8:\"schedule\";s:10:\"twicedaily\";s:4:\"args\";a:0:{}s:8:\"interval\";i:43200;}}}i:1459410922;a:1:{s:19:\"wp_scheduled_delete\";a:1:{s:32:\"40cd750bba9870f18aada2478b24840a\";a:3:{s:8:\"schedule\";s:5:\"daily\";s:4:\"args\";a:0:{}s:8:\"interval\";i:86400;}}}s:7:\"version\";i:2;}','yes'),(108,'_site_transient_update_core','O:8:\"stdClass\":4:{s:7:\"updates\";a:1:{i:0;O:8:\"stdClass\":10:{s:8:\"response\";s:6:\"latest\";s:8:\"download\";s:59:\"https://downloads.wordpress.org/release/wordpress-4.4.2.zip\";s:6:\"locale\";s:5:\"en_US\";s:8:\"packages\";O:8:\"stdClass\":5:{s:4:\"full\";s:59:\"https://downloads.wordpress.org/release/wordpress-4.4.2.zip\";s:10:\"no_content\";s:70:\"https://downloads.wordpress.org/release/wordpress-4.4.2-no-content.zip\";s:11:\"new_bundled\";s:71:\"https://downloads.wordpress.org/release/wordpress-4.4.2-new-bundled.zip\";s:7:\"partial\";b:0;s:8:\"rollback\";b:0;}s:7:\"current\";s:5:\"4.4.2\";s:7:\"version\";s:5:\"4.4.2\";s:11:\"php_version\";s:5:\"5.2.4\";s:13:\"mysql_version\";s:3:\"5.0\";s:11:\"new_bundled\";s:3:\"4.4\";s:15:\"partial_version\";s:0:\"\";}}s:12:\"last_checked\";i:1459391098;s:15:\"version_checked\";s:5:\"4.4.2\";s:12:\"translations\";a:0:{}}','yes'),(113,'_site_transient_update_themes','O:8:\"stdClass\":4:{s:12:\"last_checked\";i:1459391109;s:7:\"checked\";a:4:{s:7:\"saatchi\";s:5:\"1.0.0\";s:13:\"twentyfifteen\";s:3:\"1.4\";s:14:\"twentyfourteen\";s:3:\"1.6\";s:13:\"twentysixteen\";s:3:\"1.1\";}s:8:\"response\";a:0:{}s:12:\"translations\";a:0:{}}','yes'),(115,'_site_transient_timeout_browser_ca08ca969049f0b66eb017ee29553ab8','1458546922','yes'),(116,'_site_transient_browser_ca08ca969049f0b66eb017ee29553ab8','a:9:{s:8:\"platform\";s:7:\"Windows\";s:4:\"name\";s:6:\"Chrome\";s:7:\"version\";s:13:\"48.0.2564.116\";s:10:\"update_url\";s:28:\"http://www.google.com/chrome\";s:7:\"img_src\";s:49:\"http://s.wordpress.org/images/browsers/chrome.png\";s:11:\"img_src_ssl\";s:48:\"https://wordpress.org/images/browsers/chrome.png\";s:15:\"current_version\";s:2:\"18\";s:7:\"upgrade\";b:0;s:8:\"insecure\";b:0;}','yes'),(118,'can_compress_scripts','0','yes'),(138,'_transient_saatchi_mini_categories','1','yes'),(140,'current_theme','saatchi','yes'),(141,'theme_mods_saatchi-mini','a:2:{i:0;b:0;s:16:\"sidebars_widgets\";a:2:{s:4:\"time\";i:1457943400;s:4:\"data\";a:2:{s:19:\"wp_inactive_widgets\";a:0:{}s:9:\"sidebar-1\";a:6:{i:0;s:8:\"search-2\";i:1;s:14:\"recent-posts-2\";i:2;s:17:\"recent-comments-2\";i:3;s:10:\"archives-2\";i:4;s:12:\"categories-2\";i:5;s:6:\"meta-2\";}}}}','yes'),(142,'theme_switched','','yes'),(145,'_site_transient_timeout_browser_3a8848860ccd78857fa409bbc050d092','1458548523','yes'),(146,'_site_transient_browser_3a8848860ccd78857fa409bbc050d092','a:9:{s:8:\"platform\";s:7:\"Windows\";s:4:\"name\";s:7:\"Firefox\";s:7:\"version\";s:4:\"44.0\";s:10:\"update_url\";s:23:\"http://www.firefox.com/\";s:7:\"img_src\";s:50:\"http://s.wordpress.org/images/browsers/firefox.png\";s:11:\"img_src_ssl\";s:49:\"https://wordpress.org/images/browsers/firefox.png\";s:15:\"current_version\";s:2:\"16\";s:7:\"upgrade\";b:0;s:8:\"insecure\";b:0;}','yes'),(172,'_transient_twentysixteen_categories','1','yes'),(173,'recently_activated','a:2:{s:23:\"ml-slider/ml-slider.php\";i:1459155903;s:19:\"jetpack/jetpack.php\";i:1458812070;}','yes'),(182,'theme_mods_twentysixteen','a:1:{s:16:\"sidebars_widgets\";a:2:{s:4:\"time\";i:1458271382;s:4:\"data\";a:2:{s:19:\"wp_inactive_widgets\";a:0:{}s:9:\"sidebar-1\";a:6:{i:0;s:8:\"search-2\";i:1;s:14:\"recent-posts-2\";i:2;s:17:\"recent-comments-2\";i:3;s:10:\"archives-2\";i:4;s:12:\"categories-2\";i:5;s:6:\"meta-2\";}}}}','yes'),(183,'theme_mods_saatchi','a:2:{i:0;b:0;s:18:\"nav_menu_locations\";a:1:{s:7:\"primary\";i:2;}}','yes'),(198,'WPLANG','','yes'),(205,'nav_menu_options','a:2:{i:0;b:0;s:8:\"auto_add\";a:0:{}}','yes'),(249,'theme_mods_twentyfifteen','a:3:{i:0;b:0;s:18:\"nav_menu_locations\";a:1:{s:7:\"primary\";i:2;}s:16:\"sidebars_widgets\";a:2:{s:4:\"time\";i:1458635137;s:4:\"data\";a:3:{s:19:\"wp_inactive_widgets\";a:0:{}s:9:\"sidebar-1\";a:3:{i:0;s:8:\"search-2\";i:1;s:14:\"recent-posts-2\";i:2;s:12:\"categories-2\";}s:18:\"orphaned_widgets_1\";a:1:{i:0;s:6:\"text-2\";}}}}','yes'),(332,'_transient_timeout_plugin_slugs','1459389707','no'),(333,'_transient_plugin_slugs','a:5:{i:0;s:19:\"akismet/akismet.php\";i:1;s:13:\"CMB2/init.php\";i:2;s:31:\"master-slider/master-slider.php\";i:3;s:23:\"ml-slider/ml-slider.php\";i:4;s:37:\"tinymce-advanced/tinymce-advanced.php\";}','no'),(354,'jetpack_file_data','a:1:{s:5:\"3.9.4\";a:49:{s:32:\"31e5b9ae08b62c2b0cd8a7792242298b\";a:14:{s:4:\"name\";s:20:\"Spelling and Grammar\";s:11:\"description\";s:89:\"Check your spelling, style, and grammar with the After the Deadline proofreading service.\";s:14:\"jumpstart_desc\";s:0:\"\";s:4:\"sort\";s:1:\"6\";s:20:\"recommendation_order\";s:0:\"\";s:10:\"introduced\";s:3:\"1.1\";s:7:\"changed\";s:0:\"\";s:10:\"deactivate\";s:0:\"\";s:4:\"free\";s:0:\"\";s:19:\"requires_connection\";s:3:\"Yes\";s:13:\"auto_activate\";s:3:\"Yes\";s:11:\"module_tags\";s:7:\"Writing\";s:7:\"feature\";s:0:\"\";s:25:\"additional_search_queries\";s:115:\"after the deadline, afterthedeadline, spell, spellchecker, spelling, grammar, proofreading, style, language, cliche\";}s:32:\"3f41b2d629265b5de8108b463abbe8e2\";a:14:{s:4:\"name\";s:8:\"Carousel\";s:11:\"description\";s:63:\"Transform standard image galleries into full-screen slideshows.\";s:14:\"jumpstart_desc\";s:79:\"Brings your photos and images to life as full-size, easily navigable galleries.\";s:4:\"sort\";s:2:\"22\";s:20:\"recommendation_order\";s:2:\"12\";s:10:\"introduced\";s:3:\"1.5\";s:7:\"changed\";s:0:\"\";s:10:\"deactivate\";s:0:\"\";s:4:\"free\";s:0:\"\";s:19:\"requires_connection\";s:2:\"No\";s:13:\"auto_activate\";s:2:\"No\";s:11:\"module_tags\";s:17:\"Photos and Videos\";s:7:\"feature\";s:9:\"Jumpstart\";s:25:\"additional_search_queries\";s:80:\"gallery, carousel, diaporama, slideshow, images, lightbox, exif, metadata, image\";}s:32:\"c6ebb418dde302de09600a6025370583\";a:14:{s:4:\"name\";s:8:\"Comments\";s:11:\"description\";s:79:\"Let readers comment with WordPress.com, Twitter, Facebook, or Google+ accounts.\";s:14:\"jumpstart_desc\";s:0:\"\";s:4:\"sort\";s:2:\"20\";s:20:\"recommendation_order\";s:0:\"\";s:10:\"introduced\";s:3:\"1.4\";s:7:\"changed\";s:0:\"\";s:10:\"deactivate\";s:0:\"\";s:4:\"free\";s:0:\"\";s:19:\"requires_connection\";s:3:\"Yes\";s:13:\"auto_activate\";s:2:\"No\";s:11:\"module_tags\";s:6:\"Social\";s:7:\"feature\";s:0:\"\";s:25:\"additional_search_queries\";s:53:\"comments, comment, facebook, twitter, google+, social\";}s:32:\"836f9485669e1bbb02920cb474730df0\";a:14:{s:4:\"name\";s:12:\"Contact Form\";s:11:\"description\";s:44:\"Insert a contact form anywhere on your site.\";s:14:\"jumpstart_desc\";s:111:\"Adds a button to your post and page editors, allowing you to build simple forms to help visitors stay in touch.\";s:4:\"sort\";s:2:\"15\";s:20:\"recommendation_order\";s:2:\"14\";s:10:\"introduced\";s:3:\"1.3\";s:7:\"changed\";s:0:\"\";s:10:\"deactivate\";s:0:\"\";s:4:\"free\";s:0:\"\";s:19:\"requires_connection\";s:2:\"No\";s:13:\"auto_activate\";s:3:\"Yes\";s:11:\"module_tags\";s:5:\"Other\";s:7:\"feature\";s:9:\"Jumpstart\";s:25:\"additional_search_queries\";s:44:\"contact, form, grunion, feedback, submission\";}s:32:\"ea3970eebf8aac55fc3eca5dca0e0157\";a:14:{s:4:\"name\";s:20:\"Custom Content Types\";s:11:\"description\";s:92:\"Organize and display different types of content on your site, separate from posts and pages.\";s:14:\"jumpstart_desc\";s:0:\"\";s:4:\"sort\";s:2:\"34\";s:20:\"recommendation_order\";s:0:\"\";s:10:\"introduced\";s:3:\"3.1\";s:7:\"changed\";s:0:\"\";s:10:\"deactivate\";s:0:\"\";s:4:\"free\";s:0:\"\";s:19:\"requires_connection\";s:2:\"No\";s:13:\"auto_activate\";s:3:\"Yes\";s:11:\"module_tags\";s:7:\"Writing\";s:7:\"feature\";s:0:\"\";s:25:\"additional_search_queries\";s:72:\"cpt, custom post types, portfolio, portfolios, testimonial, testimonials\";}s:32:\"d2bb05ccad3d8789df40ca3abb97336c\";a:14:{s:4:\"name\";s:10:\"Custom CSS\";s:11:\"description\";s:57:\"Customize your site’s CSS without modifying your theme.\";s:14:\"jumpstart_desc\";s:0:\"\";s:4:\"sort\";s:1:\"2\";s:20:\"recommendation_order\";s:0:\"\";s:10:\"introduced\";s:3:\"1.7\";s:7:\"changed\";s:0:\"\";s:10:\"deactivate\";s:0:\"\";s:4:\"free\";s:0:\"\";s:19:\"requires_connection\";s:2:\"No\";s:13:\"auto_activate\";s:3:\"Yes\";s:11:\"module_tags\";s:10:\"Appearance\";s:7:\"feature\";s:0:\"\";s:25:\"additional_search_queries\";s:108:\"css, customize, custom, style, editor, less, sass, preprocessor, font, mobile, appearance, theme, stylesheet\";}s:32:\"a2064eec5b9c7e0d816af71dee7a715f\";a:14:{s:4:\"name\";s:0:\"\";s:11:\"description\";s:0:\"\";s:14:\"jumpstart_desc\";s:0:\"\";s:4:\"sort\";s:0:\"\";s:20:\"recommendation_order\";s:0:\"\";s:10:\"introduced\";s:0:\"\";s:7:\"changed\";s:0:\"\";s:10:\"deactivate\";s:0:\"\";s:4:\"free\";s:0:\"\";s:19:\"requires_connection\";s:0:\"\";s:13:\"auto_activate\";s:0:\"\";s:11:\"module_tags\";s:0:\"\";s:7:\"feature\";s:0:\"\";s:25:\"additional_search_queries\";s:0:\"\";}s:32:\"53a4ec755022ef3953699734c343da02\";a:14:{s:4:\"name\";s:21:\"Enhanced Distribution\";s:11:\"description\";s:27:\"Increase reach and traffic.\";s:14:\"jumpstart_desc\";s:0:\"\";s:4:\"sort\";s:1:\"5\";s:20:\"recommendation_order\";s:0:\"\";s:10:\"introduced\";s:3:\"1.2\";s:7:\"changed\";s:0:\"\";s:10:\"deactivate\";s:0:\"\";s:4:\"free\";s:0:\"\";s:19:\"requires_connection\";s:3:\"Yes\";s:13:\"auto_activate\";s:6:\"Public\";s:11:\"module_tags\";s:7:\"Writing\";s:7:\"feature\";s:7:\"Traffic\";s:25:\"additional_search_queries\";s:54:\"google, seo, firehose, search, broadcast, broadcasting\";}s:32:\"72fecb67ee6704ba0a33e0225316ad06\";a:14:{s:4:\"name\";s:0:\"\";s:11:\"description\";s:0:\"\";s:14:\"jumpstart_desc\";s:0:\"\";s:4:\"sort\";s:0:\"\";s:20:\"recommendation_order\";s:0:\"\";s:10:\"introduced\";s:0:\"\";s:7:\"changed\";s:0:\"\";s:10:\"deactivate\";s:0:\"\";s:4:\"free\";s:0:\"\";s:19:\"requires_connection\";s:0:\"\";s:13:\"auto_activate\";s:0:\"\";s:11:\"module_tags\";s:0:\"\";s:7:\"feature\";s:0:\"\";s:25:\"additional_search_queries\";s:0:\"\";}s:32:\"d56e2886185a9eace719cc57d46770df\";a:14:{s:4:\"name\";s:19:\"Gravatar Hovercards\";s:11:\"description\";s:58:\"Enable pop-up business cards over commenters’ Gravatars.\";s:14:\"jumpstart_desc\";s:131:\"Let commenters link their profiles to their Gravatar accounts, making it easy for your visitors to learn more about your community.\";s:4:\"sort\";s:2:\"11\";s:20:\"recommendation_order\";s:2:\"13\";s:10:\"introduced\";s:3:\"1.1\";s:7:\"changed\";s:0:\"\";s:10:\"deactivate\";s:0:\"\";s:4:\"free\";s:0:\"\";s:19:\"requires_connection\";s:2:\"No\";s:13:\"auto_activate\";s:3:\"Yes\";s:11:\"module_tags\";s:18:\"Social, Appearance\";s:7:\"feature\";s:9:\"Jumpstart\";s:25:\"additional_search_queries\";s:20:\"gravatar, hovercards\";}s:32:\"e391e760617bd0e0736550e34a73d7fe\";a:14:{s:4:\"name\";s:0:\"\";s:11:\"description\";s:0:\"\";s:14:\"jumpstart_desc\";s:0:\"\";s:4:\"sort\";s:0:\"\";s:20:\"recommendation_order\";s:0:\"\";s:10:\"introduced\";s:8:\"2.0.3 ??\";s:7:\"changed\";s:0:\"\";s:10:\"deactivate\";s:0:\"\";s:4:\"free\";s:0:\"\";s:19:\"requires_connection\";s:2:\"No\";s:13:\"auto_activate\";s:3:\"Yes\";s:11:\"module_tags\";s:0:\"\";s:7:\"feature\";s:0:\"\";s:25:\"additional_search_queries\";s:0:\"\";}s:32:\"2e345370766346c616b3c5046e817720\";a:14:{s:4:\"name\";s:15:\"Infinite Scroll\";s:11:\"description\";s:46:\"Add support for infinite scroll to your theme.\";s:14:\"jumpstart_desc\";s:0:\"\";s:4:\"sort\";s:2:\"26\";s:20:\"recommendation_order\";s:0:\"\";s:10:\"introduced\";s:3:\"2.0\";s:7:\"changed\";s:0:\"\";s:10:\"deactivate\";s:0:\"\";s:4:\"free\";s:0:\"\";s:19:\"requires_connection\";s:2:\"No\";s:13:\"auto_activate\";s:2:\"No\";s:11:\"module_tags\";s:10:\"Appearance\";s:7:\"feature\";s:0:\"\";s:25:\"additional_search_queries\";s:33:\"scroll, infinite, infinite scroll\";}s:32:\"bd69edbf134de5fae8fdcf2e70a45b56\";a:14:{s:4:\"name\";s:8:\"JSON API\";s:11:\"description\";s:69:\"Allow applications to securely access your content through the cloud.\";s:14:\"jumpstart_desc\";s:0:\"\";s:4:\"sort\";s:2:\"19\";s:20:\"recommendation_order\";s:0:\"\";s:10:\"introduced\";s:3:\"1.9\";s:7:\"changed\";s:0:\"\";s:10:\"deactivate\";s:0:\"\";s:4:\"free\";s:0:\"\";s:19:\"requires_connection\";s:3:\"Yes\";s:13:\"auto_activate\";s:6:\"Public\";s:11:\"module_tags\";s:19:\"Writing, Developers\";s:7:\"feature\";s:0:\"\";s:25:\"additional_search_queries\";s:50:\"api, rest, develop, developers, json, klout, oauth\";}s:32:\"8110b7a4423aaa619dfa46b8843e10d1\";a:14:{s:4:\"name\";s:14:\"Beautiful Math\";s:11:\"description\";s:85:\"Use LaTeX markup language in posts and pages for complex equations and other geekery.\";s:14:\"jumpstart_desc\";s:0:\"\";s:4:\"sort\";s:2:\"12\";s:20:\"recommendation_order\";s:0:\"\";s:10:\"introduced\";s:3:\"1.1\";s:7:\"changed\";s:0:\"\";s:10:\"deactivate\";s:0:\"\";s:4:\"free\";s:0:\"\";s:19:\"requires_connection\";s:2:\"No\";s:13:\"auto_activate\";s:3:\"Yes\";s:11:\"module_tags\";s:7:\"Writing\";s:7:\"feature\";s:0:\"\";s:25:\"additional_search_queries\";s:47:\"latex, math, equation, equations, formula, code\";}s:32:\"fd7e85d3b4887fa6b6f997d6592c1f33\";a:14:{s:4:\"name\";s:5:\"Likes\";s:11:\"description\";s:70:\"Give visitors an easy way to show their appreciation for your content.\";s:14:\"jumpstart_desc\";s:0:\"\";s:4:\"sort\";s:2:\"23\";s:20:\"recommendation_order\";s:0:\"\";s:10:\"introduced\";s:3:\"2.2\";s:7:\"changed\";s:0:\"\";s:10:\"deactivate\";s:0:\"\";s:4:\"free\";s:0:\"\";s:19:\"requires_connection\";s:3:\"Yes\";s:13:\"auto_activate\";s:2:\"No\";s:11:\"module_tags\";s:6:\"Social\";s:7:\"feature\";s:0:\"\";s:25:\"additional_search_queries\";s:26:\"like, likes, wordpress.com\";}s:32:\"c5dfef41fad5bcdcaae8e315e5cfc420\";a:14:{s:4:\"name\";s:6:\"Manage\";s:11:\"description\";s:76:\"Manage all your sites from a centralized place, https://wordpress.com/sites.\";s:14:\"jumpstart_desc\";s:151:\"Helps you remotely manage plugins, turn on automated updates, and more from <a href=\"https://wordpress.com/plugins/\" target=\"_blank\">wordpress.com</a>.\";s:4:\"sort\";s:1:\"1\";s:20:\"recommendation_order\";s:1:\"3\";s:10:\"introduced\";s:3:\"3.4\";s:7:\"changed\";s:0:\"\";s:10:\"deactivate\";s:0:\"\";s:4:\"free\";s:0:\"\";s:19:\"requires_connection\";s:3:\"Yes\";s:13:\"auto_activate\";s:2:\"No\";s:11:\"module_tags\";s:35:\"Centralized Management, Recommended\";s:7:\"feature\";s:22:\"Recommended, Jumpstart\";s:25:\"additional_search_queries\";s:26:\"manage, management, remote\";}s:32:\"fd6dc399b92bce76013427e3107c314f\";a:14:{s:4:\"name\";s:8:\"Markdown\";s:11:\"description\";s:51:\"Write posts or pages in plain-text Markdown syntax.\";s:14:\"jumpstart_desc\";s:0:\"\";s:4:\"sort\";s:2:\"31\";s:20:\"recommendation_order\";s:0:\"\";s:10:\"introduced\";s:3:\"2.8\";s:7:\"changed\";s:0:\"\";s:10:\"deactivate\";s:0:\"\";s:4:\"free\";s:0:\"\";s:19:\"requires_connection\";s:2:\"No\";s:13:\"auto_activate\";s:2:\"No\";s:11:\"module_tags\";s:7:\"Writing\";s:7:\"feature\";s:0:\"\";s:25:\"additional_search_queries\";s:12:\"md, markdown\";}s:32:\"c49a35b6482b0426cb07ad28ecf5d7df\";a:14:{s:4:\"name\";s:12:\"Mobile Theme\";s:11:\"description\";s:64:\"Optimize your site with a mobile-friendly theme for smartphones.\";s:14:\"jumpstart_desc\";s:0:\"\";s:4:\"sort\";s:2:\"21\";s:20:\"recommendation_order\";s:2:\"11\";s:10:\"introduced\";s:3:\"1.8\";s:7:\"changed\";s:0:\"\";s:10:\"deactivate\";s:0:\"\";s:4:\"free\";s:0:\"\";s:19:\"requires_connection\";s:2:\"No\";s:13:\"auto_activate\";s:2:\"No\";s:11:\"module_tags\";s:31:\"Appearance, Mobile, Recommended\";s:7:\"feature\";s:11:\"Recommended\";s:25:\"additional_search_queries\";s:24:\"mobile, theme, minileven\";}s:32:\"b42e38f6fafd2e4104ebe5bf39b4be47\";a:14:{s:4:\"name\";s:0:\"\";s:11:\"description\";s:0:\"\";s:14:\"jumpstart_desc\";s:0:\"\";s:4:\"sort\";s:0:\"\";s:20:\"recommendation_order\";s:0:\"\";s:10:\"introduced\";s:0:\"\";s:7:\"changed\";s:0:\"\";s:10:\"deactivate\";s:0:\"\";s:4:\"free\";s:0:\"\";s:19:\"requires_connection\";s:0:\"\";s:13:\"auto_activate\";s:0:\"\";s:11:\"module_tags\";s:0:\"\";s:7:\"feature\";s:0:\"\";s:25:\"additional_search_queries\";s:0:\"\";}s:32:\"771cfeeba0d3d23ec344d5e781fb0ae2\";a:14:{s:4:\"name\";s:0:\"\";s:11:\"description\";s:0:\"\";s:14:\"jumpstart_desc\";s:0:\"\";s:4:\"sort\";s:0:\"\";s:20:\"recommendation_order\";s:0:\"\";s:10:\"introduced\";s:0:\"\";s:7:\"changed\";s:0:\"\";s:10:\"deactivate\";s:0:\"\";s:4:\"free\";s:0:\"\";s:19:\"requires_connection\";s:0:\"\";s:13:\"auto_activate\";s:0:\"\";s:11:\"module_tags\";s:0:\"\";s:7:\"feature\";s:0:\"\";s:25:\"additional_search_queries\";s:0:\"\";}s:32:\"54f0661d27c814fc8bde39580181d939\";a:14:{s:4:\"name\";s:0:\"\";s:11:\"description\";s:0:\"\";s:14:\"jumpstart_desc\";s:0:\"\";s:4:\"sort\";s:0:\"\";s:20:\"recommendation_order\";s:0:\"\";s:10:\"introduced\";s:0:\"\";s:7:\"changed\";s:0:\"\";s:10:\"deactivate\";s:0:\"\";s:4:\"free\";s:0:\"\";s:19:\"requires_connection\";s:0:\"\";s:13:\"auto_activate\";s:0:\"\";s:11:\"module_tags\";s:0:\"\";s:7:\"feature\";s:0:\"\";s:25:\"additional_search_queries\";s:0:\"\";}s:32:\"46c4c413b5c72bbd3c3dbd14ff8f8adc\";a:14:{s:4:\"name\";s:0:\"\";s:11:\"description\";s:0:\"\";s:14:\"jumpstart_desc\";s:0:\"\";s:4:\"sort\";s:0:\"\";s:20:\"recommendation_order\";s:0:\"\";s:10:\"introduced\";s:0:\"\";s:7:\"changed\";s:0:\"\";s:10:\"deactivate\";s:0:\"\";s:4:\"free\";s:0:\"\";s:19:\"requires_connection\";s:0:\"\";s:13:\"auto_activate\";s:0:\"\";s:11:\"module_tags\";s:0:\"\";s:7:\"feature\";s:0:\"\";s:25:\"additional_search_queries\";s:0:\"\";}s:32:\"9ea52fa25783e5ceeb6bfaed3268e64e\";a:14:{s:4:\"name\";s:7:\"Monitor\";s:11:\"description\";s:25:\"Reports on site downtime.\";s:14:\"jumpstart_desc\";s:0:\"\";s:4:\"sort\";s:2:\"28\";s:20:\"recommendation_order\";s:2:\"10\";s:10:\"introduced\";s:3:\"2.6\";s:7:\"changed\";s:0:\"\";s:10:\"deactivate\";s:0:\"\";s:4:\"free\";s:0:\"\";s:19:\"requires_connection\";s:3:\"Yes\";s:13:\"auto_activate\";s:2:\"No\";s:11:\"module_tags\";s:11:\"Recommended\";s:7:\"feature\";s:33:\"Recommended, Performance-Security\";s:25:\"additional_search_queries\";s:37:\"monitor, uptime, downtime, monitoring\";}s:32:\"cfcaafd0fcad087899d715e0b877474d\";a:14:{s:4:\"name\";s:13:\"Notifications\";s:11:\"description\";s:84:\"Receive notification of site activity via the admin toolbar and your Mobile devices.\";s:14:\"jumpstart_desc\";s:0:\"\";s:4:\"sort\";s:2:\"13\";s:20:\"recommendation_order\";s:0:\"\";s:10:\"introduced\";s:3:\"1.9\";s:7:\"changed\";s:0:\"\";s:10:\"deactivate\";s:0:\"\";s:4:\"free\";s:0:\"\";s:19:\"requires_connection\";s:3:\"Yes\";s:13:\"auto_activate\";s:3:\"Yes\";s:11:\"module_tags\";s:5:\"Other\";s:7:\"feature\";s:0:\"\";s:25:\"additional_search_queries\";s:62:\"notification, notifications, toolbar, adminbar, push, comments\";}s:32:\"0d18bfa69bec61550c1d813ce64149b0\";a:14:{s:4:\"name\";s:10:\"Omnisearch\";s:11:\"description\";s:66:\"Search your entire database from a single field in your Dashboard.\";s:14:\"jumpstart_desc\";s:0:\"\";s:4:\"sort\";s:2:\"16\";s:20:\"recommendation_order\";s:0:\"\";s:10:\"introduced\";s:3:\"2.3\";s:7:\"changed\";s:0:\"\";s:10:\"deactivate\";s:0:\"\";s:4:\"free\";s:0:\"\";s:19:\"requires_connection\";s:2:\"No\";s:13:\"auto_activate\";s:3:\"Yes\";s:11:\"module_tags\";s:10:\"Developers\";s:7:\"feature\";s:0:\"\";s:25:\"additional_search_queries\";s:6:\"search\";}s:32:\"3f0a11e23118f0788d424b646a6d465f\";a:14:{s:4:\"name\";s:6:\"Photon\";s:11:\"description\";s:27:\"Speed up images and photos.\";s:14:\"jumpstart_desc\";s:141:\"Mirrors and serves your images from our free and fast image CDN, improving your site’s performance with no additional load on your servers.\";s:4:\"sort\";s:2:\"25\";s:20:\"recommendation_order\";s:1:\"1\";s:10:\"introduced\";s:3:\"2.0\";s:7:\"changed\";s:0:\"\";s:10:\"deactivate\";s:0:\"\";s:4:\"free\";s:0:\"\";s:19:\"requires_connection\";s:3:\"Yes\";s:13:\"auto_activate\";s:2:\"No\";s:11:\"module_tags\";s:42:\"Photos and Videos, Appearance, Recommended\";s:7:\"feature\";s:44:\"Recommended, Jumpstart, Performance-Security\";s:25:\"additional_search_queries\";s:38:\"photon, image, cdn, performance, speed\";}s:32:\"e37cfbcb72323fb1fe8255a2edb4d738\";a:14:{s:4:\"name\";s:13:\"Post by Email\";s:11:\"description\";s:58:\"Publish posts by email, using any device and email client.\";s:14:\"jumpstart_desc\";s:0:\"\";s:4:\"sort\";s:2:\"14\";s:20:\"recommendation_order\";s:0:\"\";s:10:\"introduced\";s:3:\"2.0\";s:7:\"changed\";s:0:\"\";s:10:\"deactivate\";s:0:\"\";s:4:\"free\";s:0:\"\";s:19:\"requires_connection\";s:3:\"Yes\";s:13:\"auto_activate\";s:3:\"Yes\";s:11:\"module_tags\";s:7:\"Writing\";s:7:\"feature\";s:0:\"\";s:25:\"additional_search_queries\";s:20:\"post by email, email\";}s:32:\"728290d131a480bfe7b9e405d7cd925f\";a:14:{s:4:\"name\";s:7:\"Protect\";s:11:\"description\";s:28:\"Prevent brute force attacks.\";s:14:\"jumpstart_desc\";s:0:\"\";s:4:\"sort\";s:1:\"1\";s:20:\"recommendation_order\";s:1:\"4\";s:10:\"introduced\";s:3:\"3.4\";s:7:\"changed\";s:0:\"\";s:10:\"deactivate\";s:0:\"\";s:4:\"free\";s:0:\"\";s:19:\"requires_connection\";s:3:\"Yes\";s:13:\"auto_activate\";s:3:\"Yes\";s:11:\"module_tags\";s:11:\"Recommended\";s:7:\"feature\";s:33:\"Recommended, Performance-Security\";s:25:\"additional_search_queries\";s:65:\"security, secure, protection, botnet, brute force, protect, login\";}s:32:\"f9ce784babbbf4dcca99b8cd2ceb420c\";a:14:{s:4:\"name\";s:9:\"Publicize\";s:11:\"description\";s:30:\"Automatically promote content.\";s:14:\"jumpstart_desc\";s:0:\"\";s:4:\"sort\";s:2:\"10\";s:20:\"recommendation_order\";s:1:\"7\";s:10:\"introduced\";s:3:\"2.0\";s:7:\"changed\";s:0:\"\";s:10:\"deactivate\";s:0:\"\";s:4:\"free\";s:0:\"\";s:19:\"requires_connection\";s:3:\"Yes\";s:13:\"auto_activate\";s:3:\"Yes\";s:11:\"module_tags\";s:19:\"Social, Recommended\";s:7:\"feature\";s:20:\"Recommended, Traffic\";s:25:\"additional_search_queries\";s:107:\"facebook, twitter, google+, googleplus, google, path, tumblr, linkedin, social, tweet, connections, sharing\";}s:32:\"052c03877dd3d296a71531cb07ad939a\";a:14:{s:4:\"name\";s:0:\"\";s:11:\"description\";s:0:\"\";s:14:\"jumpstart_desc\";s:0:\"\";s:4:\"sort\";s:0:\"\";s:20:\"recommendation_order\";s:0:\"\";s:10:\"introduced\";s:0:\"\";s:7:\"changed\";s:0:\"\";s:10:\"deactivate\";s:0:\"\";s:4:\"free\";s:0:\"\";s:19:\"requires_connection\";s:0:\"\";s:13:\"auto_activate\";s:0:\"\";s:11:\"module_tags\";s:0:\"\";s:7:\"feature\";s:0:\"\";s:25:\"additional_search_queries\";s:0:\"\";}s:32:\"52edecb2a75222e75b2dce4356a4efce\";a:14:{s:4:\"name\";s:13:\"Related Posts\";s:11:\"description\";s:24:\"Display similar content.\";s:14:\"jumpstart_desc\";s:113:\"Keep visitors engaged on your blog by highlighting relevant and new content at the bottom of each published post.\";s:4:\"sort\";s:2:\"29\";s:20:\"recommendation_order\";s:1:\"9\";s:10:\"introduced\";s:3:\"2.9\";s:7:\"changed\";s:0:\"\";s:10:\"deactivate\";s:0:\"\";s:4:\"free\";s:0:\"\";s:19:\"requires_connection\";s:3:\"Yes\";s:13:\"auto_activate\";s:2:\"No\";s:11:\"module_tags\";s:11:\"Recommended\";s:7:\"feature\";s:31:\"Recommended, Jumpstart, Traffic\";s:25:\"additional_search_queries\";s:22:\"related, related posts\";}s:32:\"8b059cb50a66b717f1ec842e736b858c\";a:14:{s:4:\"name\";s:7:\"Sharing\";s:11:\"description\";s:32:\"Visitors can share your content.\";s:14:\"jumpstart_desc\";s:116:\"Twitter, Facebook and Google+ buttons at the bottom of each post, making it easy for visitors to share your content.\";s:4:\"sort\";s:1:\"7\";s:20:\"recommendation_order\";s:1:\"6\";s:10:\"introduced\";s:3:\"1.1\";s:7:\"changed\";s:3:\"1.2\";s:10:\"deactivate\";s:0:\"\";s:4:\"free\";s:0:\"\";s:19:\"requires_connection\";s:2:\"No\";s:13:\"auto_activate\";s:3:\"Yes\";s:11:\"module_tags\";s:19:\"Social, Recommended\";s:7:\"feature\";s:31:\"Recommended, Jumpstart, Traffic\";s:25:\"additional_search_queries\";s:141:\"share, sharing, sharedaddy, buttons, icons, email, facebook, twitter, google+, linkedin, pinterest, pocket, press this, print, reddit, tumblr\";}s:32:\"a6d2394329871857401255533a9873f7\";a:14:{s:4:\"name\";s:16:\"Shortcode Embeds\";s:11:\"description\";s:77:\"Embed content from YouTube, Vimeo, SlideShare, and more, no coding necessary.\";s:14:\"jumpstart_desc\";s:0:\"\";s:4:\"sort\";s:1:\"3\";s:20:\"recommendation_order\";s:0:\"\";s:10:\"introduced\";s:3:\"1.1\";s:7:\"changed\";s:3:\"1.2\";s:10:\"deactivate\";s:0:\"\";s:4:\"free\";s:0:\"\";s:19:\"requires_connection\";s:2:\"No\";s:13:\"auto_activate\";s:3:\"Yes\";s:11:\"module_tags\";s:46:\"Photos and Videos, Social, Writing, Appearance\";s:7:\"feature\";s:0:\"\";s:25:\"additional_search_queries\";s:251:\"shortcodes, shortcode, embeds, media, bandcamp, blip.tv, dailymotion, digg, facebook, flickr, google calendars, google maps, google+, polldaddy, recipe, recipes, scribd, slideshare, slideshow, slideshows, soundcloud, ted, twitter, vimeo, vine, youtube\";}s:32:\"21496e2897ea5f81605e2f2ac3beb921\";a:14:{s:4:\"name\";s:16:\"WP.me Shortlinks\";s:11:\"description\";s:56:\"Enable WP.me-powered shortlinks for all posts and pages.\";s:14:\"jumpstart_desc\";s:0:\"\";s:4:\"sort\";s:1:\"8\";s:20:\"recommendation_order\";s:0:\"\";s:10:\"introduced\";s:3:\"1.1\";s:7:\"changed\";s:0:\"\";s:10:\"deactivate\";s:0:\"\";s:4:\"free\";s:0:\"\";s:19:\"requires_connection\";s:3:\"Yes\";s:13:\"auto_activate\";s:3:\"Yes\";s:11:\"module_tags\";s:6:\"Social\";s:7:\"feature\";s:0:\"\";s:25:\"additional_search_queries\";s:17:\"shortlinks, wp.me\";}s:32:\"e2a54a5d7879a4162709e6ffb540dd08\";a:14:{s:4:\"name\";s:9:\"Site Icon\";s:11:\"description\";s:29:\"Add a site icon to your site.\";s:14:\"jumpstart_desc\";s:0:\"\";s:4:\"sort\";s:2:\"22\";s:20:\"recommendation_order\";s:0:\"\";s:10:\"introduced\";s:3:\"3.2\";s:7:\"changed\";s:0:\"\";s:10:\"deactivate\";s:0:\"\";s:4:\"free\";s:0:\"\";s:19:\"requires_connection\";s:2:\"No\";s:13:\"auto_activate\";s:2:\"No\";s:11:\"module_tags\";s:5:\"Other\";s:7:\"feature\";s:0:\"\";s:25:\"additional_search_queries\";s:24:\"favicon, icon, site icon\";}s:32:\"f5c537bc304f55b29c1a87e30be0cd24\";a:14:{s:4:\"name\";s:8:\"Sitemaps\";s:11:\"description\";s:75:\"Creates sitemaps to allow your site to be easily indexed by search engines.\";s:14:\"jumpstart_desc\";s:0:\"\";s:4:\"sort\";s:2:\"13\";s:20:\"recommendation_order\";s:0:\"\";s:10:\"introduced\";s:3:\"3.9\";s:7:\"changed\";s:0:\"\";s:10:\"deactivate\";s:0:\"\";s:4:\"free\";s:0:\"\";s:19:\"requires_connection\";s:2:\"No\";s:13:\"auto_activate\";s:6:\"Public\";s:11:\"module_tags\";s:20:\"Recommended, Traffic\";s:7:\"feature\";s:0:\"\";s:25:\"additional_search_queries\";s:39:\"sitemap, traffic, search, site map, seo\";}s:32:\"59a23643437358a9b557f1d1e20ab040\";a:14:{s:4:\"name\";s:0:\"\";s:11:\"description\";s:0:\"\";s:14:\"jumpstart_desc\";s:0:\"\";s:4:\"sort\";s:0:\"\";s:20:\"recommendation_order\";s:0:\"\";s:10:\"introduced\";s:0:\"\";s:7:\"changed\";s:0:\"\";s:10:\"deactivate\";s:0:\"\";s:4:\"free\";s:0:\"\";s:19:\"requires_connection\";s:0:\"\";s:13:\"auto_activate\";s:0:\"\";s:11:\"module_tags\";s:0:\"\";s:7:\"feature\";s:0:\"\";s:25:\"additional_search_queries\";s:0:\"\";}s:32:\"6a90f97c3194cfca5671728eaaeaf15e\";a:14:{s:4:\"name\";s:14:\"Single Sign On\";s:11:\"description\";s:27:\"Secure user authentication.\";s:14:\"jumpstart_desc\";s:98:\"Lets you log in to all your Jetpack-enabled sites with one click using your WordPress.com account.\";s:4:\"sort\";s:2:\"30\";s:20:\"recommendation_order\";s:1:\"5\";s:10:\"introduced\";s:3:\"2.6\";s:7:\"changed\";s:0:\"\";s:10:\"deactivate\";s:0:\"\";s:4:\"free\";s:0:\"\";s:19:\"requires_connection\";s:3:\"Yes\";s:13:\"auto_activate\";s:2:\"No\";s:11:\"module_tags\";s:10:\"Developers\";s:7:\"feature\";s:31:\"Jumpstart, Performance-Security\";s:25:\"additional_search_queries\";s:34:\"sso, single sign on, login, log in\";}s:32:\"b65604e920392e2f7134b646760b75e8\";a:14:{s:4:\"name\";s:10:\"Site Stats\";s:11:\"description\";s:35:\"Collect traffic stats and insights.\";s:14:\"jumpstart_desc\";s:0:\"\";s:4:\"sort\";s:1:\"1\";s:20:\"recommendation_order\";s:1:\"2\";s:10:\"introduced\";s:3:\"1.1\";s:7:\"changed\";s:0:\"\";s:10:\"deactivate\";s:0:\"\";s:4:\"free\";s:0:\"\";s:19:\"requires_connection\";s:3:\"Yes\";s:13:\"auto_activate\";s:3:\"Yes\";s:11:\"module_tags\";s:23:\"Site Stats, Recommended\";s:7:\"feature\";s:20:\"Recommended, Traffic\";s:25:\"additional_search_queries\";s:54:\"statistics, tracking, analytics, views, traffic, stats\";}s:32:\"23a586dd7ead00e69ec53eb32ef740e4\";a:14:{s:4:\"name\";s:13:\"Subscriptions\";s:11:\"description\";s:88:\"Allow users to subscribe to your posts and comments and receive notifications via email.\";s:14:\"jumpstart_desc\";s:126:\"Give visitors two easy subscription options — while commenting, or via a separate email subscription widget you can display.\";s:4:\"sort\";s:1:\"9\";s:20:\"recommendation_order\";s:1:\"8\";s:10:\"introduced\";s:3:\"1.2\";s:7:\"changed\";s:0:\"\";s:10:\"deactivate\";s:0:\"\";s:4:\"free\";s:0:\"\";s:19:\"requires_connection\";s:3:\"Yes\";s:13:\"auto_activate\";s:3:\"Yes\";s:11:\"module_tags\";s:6:\"Social\";s:7:\"feature\";s:9:\"Jumpstart\";s:25:\"additional_search_queries\";s:74:\"subscriptions, subscription, email, follow, followers, subscribers, signup\";}s:32:\"1d978b8d84d2f378fe1a702a67633b6d\";a:14:{s:4:\"name\";s:0:\"\";s:11:\"description\";s:0:\"\";s:14:\"jumpstart_desc\";s:0:\"\";s:4:\"sort\";s:0:\"\";s:20:\"recommendation_order\";s:0:\"\";s:10:\"introduced\";s:0:\"\";s:7:\"changed\";s:0:\"\";s:10:\"deactivate\";s:0:\"\";s:4:\"free\";s:0:\"\";s:19:\"requires_connection\";s:0:\"\";s:13:\"auto_activate\";s:0:\"\";s:11:\"module_tags\";s:0:\"\";s:7:\"feature\";s:0:\"\";s:25:\"additional_search_queries\";s:0:\"\";}s:32:\"b3b983461d7f3d27322a3551ed8a9405\";a:14:{s:4:\"name\";s:15:\"Tiled Galleries\";s:11:\"description\";s:73:\"Display your image galleries in a variety of sleek, graphic arrangements.\";s:14:\"jumpstart_desc\";s:0:\"\";s:4:\"sort\";s:2:\"24\";s:20:\"recommendation_order\";s:0:\"\";s:10:\"introduced\";s:3:\"2.1\";s:7:\"changed\";s:0:\"\";s:10:\"deactivate\";s:0:\"\";s:4:\"free\";s:0:\"\";s:19:\"requires_connection\";s:2:\"No\";s:13:\"auto_activate\";s:2:\"No\";s:11:\"module_tags\";s:17:\"Photos and Videos\";s:7:\"feature\";s:0:\"\";s:25:\"additional_search_queries\";s:43:\"gallery, tiles, tiled, grid, mosaic, images\";}s:32:\"d924e5b05722b0e104448543598f54c0\";a:14:{s:4:\"name\";s:0:\"\";s:11:\"description\";s:0:\"\";s:14:\"jumpstart_desc\";s:0:\"\";s:4:\"sort\";s:0:\"\";s:20:\"recommendation_order\";s:0:\"\";s:10:\"introduced\";s:0:\"\";s:7:\"changed\";s:0:\"\";s:10:\"deactivate\";s:0:\"\";s:4:\"free\";s:0:\"\";s:19:\"requires_connection\";s:0:\"\";s:13:\"auto_activate\";s:0:\"\";s:11:\"module_tags\";s:0:\"\";s:7:\"feature\";s:0:\"\";s:25:\"additional_search_queries\";s:0:\"\";}s:32:\"36741583b10c521997e563ad8e1e8b77\";a:14:{s:4:\"name\";s:12:\"Data Backups\";s:11:\"description\";s:27:\"Daily or real-time backups.\";s:14:\"jumpstart_desc\";s:0:\"\";s:4:\"sort\";s:2:\"32\";s:20:\"recommendation_order\";s:0:\"\";s:10:\"introduced\";s:5:\"0:1.2\";s:7:\"changed\";s:0:\"\";s:10:\"deactivate\";s:5:\"false\";s:4:\"free\";s:5:\"false\";s:19:\"requires_connection\";s:3:\"Yes\";s:13:\"auto_activate\";s:3:\"Yes\";s:11:\"module_tags\";s:0:\"\";s:7:\"feature\";s:20:\"Performance-Security\";s:25:\"additional_search_queries\";s:28:\"vaultpress, backup, security\";}s:32:\"2b9b44f09b5459617d68dd82ee17002a\";a:14:{s:4:\"name\";s:17:\"Site Verification\";s:11:\"description\";s:77:\"Verify your site or domain with Google Search Console, Pinterest, and others.\";s:14:\"jumpstart_desc\";s:0:\"\";s:4:\"sort\";s:2:\"33\";s:20:\"recommendation_order\";s:0:\"\";s:10:\"introduced\";s:3:\"3.0\";s:7:\"changed\";s:0:\"\";s:10:\"deactivate\";s:0:\"\";s:4:\"free\";s:0:\"\";s:19:\"requires_connection\";s:2:\"No\";s:13:\"auto_activate\";s:3:\"Yes\";s:11:\"module_tags\";s:0:\"\";s:7:\"feature\";s:0:\"\";s:25:\"additional_search_queries\";s:56:\"webmaster, seo, google, bing, pinterest, search, console\";}s:32:\"5ab4c0db7c42e10e646342da0274c491\";a:14:{s:4:\"name\";s:10:\"VideoPress\";s:11:\"description\";s:68:\"Upload and embed videos right on your site. (Subscription required.)\";s:14:\"jumpstart_desc\";s:0:\"\";s:4:\"sort\";s:2:\"27\";s:20:\"recommendation_order\";s:0:\"\";s:10:\"introduced\";s:3:\"2.5\";s:7:\"changed\";s:0:\"\";s:10:\"deactivate\";s:0:\"\";s:4:\"free\";s:5:\"false\";s:19:\"requires_connection\";s:3:\"Yes\";s:13:\"auto_activate\";s:0:\"\";s:11:\"module_tags\";s:17:\"Photos and Videos\";s:7:\"feature\";s:0:\"\";s:25:\"additional_search_queries\";s:25:\"video, videos, videopress\";}s:32:\"60a1d3aa38bc0fe1039e59dd60888543\";a:14:{s:4:\"name\";s:17:\"Widget Visibility\";s:11:\"description\";s:57:\"Specify which widgets appear on which pages of your site.\";s:14:\"jumpstart_desc\";s:0:\"\";s:4:\"sort\";s:2:\"17\";s:20:\"recommendation_order\";s:0:\"\";s:10:\"introduced\";s:3:\"2.4\";s:7:\"changed\";s:0:\"\";s:10:\"deactivate\";s:0:\"\";s:4:\"free\";s:0:\"\";s:19:\"requires_connection\";s:2:\"No\";s:13:\"auto_activate\";s:3:\"Yes\";s:11:\"module_tags\";s:10:\"Appearance\";s:7:\"feature\";s:0:\"\";s:25:\"additional_search_queries\";s:54:\"widget visibility, logic, conditional, widgets, widget\";}s:32:\"174ed3416476c2cb9ff5b0f671280b15\";a:14:{s:4:\"name\";s:21:\"Extra Sidebar Widgets\";s:11:\"description\";s:79:\"Add images, Twitter streams, your site’s RSS links, and more to your sidebar.\";s:14:\"jumpstart_desc\";s:0:\"\";s:4:\"sort\";s:1:\"4\";s:20:\"recommendation_order\";s:0:\"\";s:10:\"introduced\";s:3:\"1.2\";s:7:\"changed\";s:0:\"\";s:10:\"deactivate\";s:0:\"\";s:4:\"free\";s:0:\"\";s:19:\"requires_connection\";s:2:\"No\";s:13:\"auto_activate\";s:3:\"Yes\";s:11:\"module_tags\";s:18:\"Social, Appearance\";s:7:\"feature\";s:0:\"\";s:25:\"additional_search_queries\";s:65:\"widget, widgets, facebook, gallery, twitter, gravatar, image, rss\";}s:32:\"28b931a1db19bd24869bd54b14e733d5\";a:14:{s:4:\"name\";s:0:\"\";s:11:\"description\";s:0:\"\";s:14:\"jumpstart_desc\";s:0:\"\";s:4:\"sort\";s:0:\"\";s:20:\"recommendation_order\";s:0:\"\";s:10:\"introduced\";s:0:\"\";s:7:\"changed\";s:0:\"\";s:10:\"deactivate\";s:0:\"\";s:4:\"free\";s:0:\"\";s:19:\"requires_connection\";s:0:\"\";s:13:\"auto_activate\";s:0:\"\";s:11:\"module_tags\";s:0:\"\";s:7:\"feature\";s:0:\"\";s:25:\"additional_search_queries\";s:0:\"\";}}}','yes'),(355,'jetpack_available_modules','a:1:{s:5:\"3.9.4\";a:37:{s:18:\"after-the-deadline\";s:3:\"1.1\";s:8:\"carousel\";s:3:\"1.5\";s:8:\"comments\";s:3:\"1.4\";s:12:\"contact-form\";s:3:\"1.3\";s:20:\"custom-content-types\";s:3:\"3.1\";s:10:\"custom-css\";s:3:\"1.7\";s:21:\"enhanced-distribution\";s:3:\"1.2\";s:19:\"gravatar-hovercards\";s:3:\"1.1\";s:15:\"infinite-scroll\";s:3:\"2.0\";s:8:\"json-api\";s:3:\"1.9\";s:5:\"latex\";s:3:\"1.1\";s:5:\"likes\";s:3:\"2.2\";s:6:\"manage\";s:3:\"3.4\";s:8:\"markdown\";s:3:\"2.8\";s:9:\"minileven\";s:3:\"1.8\";s:7:\"monitor\";s:3:\"2.6\";s:5:\"notes\";s:3:\"1.9\";s:10:\"omnisearch\";s:3:\"2.3\";s:6:\"photon\";s:3:\"2.0\";s:13:\"post-by-email\";s:3:\"2.0\";s:7:\"protect\";s:3:\"3.4\";s:9:\"publicize\";s:3:\"2.0\";s:13:\"related-posts\";s:3:\"2.9\";s:10:\"sharedaddy\";s:3:\"1.1\";s:10:\"shortcodes\";s:3:\"1.1\";s:10:\"shortlinks\";s:3:\"1.1\";s:9:\"site-icon\";s:3:\"3.2\";s:8:\"sitemaps\";s:3:\"3.9\";s:3:\"sso\";s:3:\"2.6\";s:5:\"stats\";s:3:\"1.1\";s:13:\"subscriptions\";s:3:\"1.2\";s:13:\"tiled-gallery\";s:3:\"2.1\";s:10:\"vaultpress\";s:5:\"0:1.2\";s:18:\"verification-tools\";s:3:\"3.0\";s:10:\"videopress\";s:3:\"2.5\";s:17:\"widget-visibility\";s:3:\"2.4\";s:7:\"widgets\";s:3:\"1.2\";}}','yes'),(356,'jetpack_security_report','a:0:{}','yes'),(359,'jetpack_log','a:2:{i:0;a:4:{s:4:\"time\";i:1458801891;s:7:\"user_id\";i:1;s:7:\"blog_id\";b:0;s:4:\"code\";s:8:\"register\";}i:1;a:4:{s:4:\"time\";i:1458802055;s:7:\"user_id\";i:1;s:7:\"blog_id\";b:0;s:4:\"code\";s:8:\"register\";}}','no'),(360,'jetpack_private_options','a:0:{}','yes'),(361,'_transient_timeout_jetpack_https_test','1458888296','no'),(362,'_transient_jetpack_https_test','0','no'),(390,'_site_transient_timeout_security_report_performed_recently','1458812074','yes'),(391,'_site_transient_security_report_performed_recently','1','yes'),(400,'category_children','a:4:{i:5;a:4:{i:0;i:6;i:1;i:7;i:2;i:8;i:3;i:9;}i:10;a:2:{i:0;i:11;i:1;i:12;}i:14;a:2:{i:0;i:15;i:1;i:16;}i:17;a:2:{i:0;i:18;i:1;i:19;}}','yes'),(403,'jetpack_unique_connection','a:1:{s:12:\"disconnected\";i:1;}','yes'),(414,'tadv_settings','a:6:{s:9:\"toolbar_1\";s:128:\"bold,italic,blockquote,bullist,numlist,alignleft,aligncenter,alignright,link,unlink,table,fullscreen,undo,redo,wp_adv,fontselect\";s:9:\"toolbar_2\";s:121:\"formatselect,alignjustify,strikethrough,outdent,indent,pastetext,removeformat,charmap,wp_more,emoticons,forecolor,wp_help\";s:9:\"toolbar_3\";s:0:\"\";s:9:\"toolbar_4\";s:0:\"\";s:7:\"options\";s:15:\"advlist,menubar\";s:7:\"plugins\";s:107:\"anchor,code,insertdatetime,nonbreaking,print,searchreplace,table,visualblocks,visualchars,emoticons,advlist\";}','yes'),(415,'tadv_admin_settings','a:2:{s:7:\"options\";s:0:\"\";s:16:\"disabled_plugins\";s:0:\"\";}','yes'),(416,'tadv_version','4000','yes'),(457,'widget_metaslider_widget','a:1:{s:12:\"_multiwidget\";i:1;}','yes'),(458,'metaslider_systemcheck','a:2:{s:16:\"wordPressVersion\";b:0;s:12:\"imageLibrary\";b:0;}','yes'),(459,'ml-slider_children','a:0:{}','yes'),(476,'masterslider_db_version','1.03','yes'),(477,'masterslider_capabilities_added','1','yes'),(478,'widget_master-slider-main-widget','a:1:{s:12:\"_multiwidget\";i:1;}','yes'),(479,'msp_general_setting','','yes'),(480,'msp_advanced','a:1:{s:22:\"allways_load_ms_assets\";s:3:\"off\";}','yes'),(481,'upgrade_to_pro','','yes'),(482,'masterslider_lite_plugin_version','2.7.1','yes'),(507,'_transient_timeout_dash_88ae138922fe95674369b1cb3d215a2b','1459345759','no'),(508,'_transient_dash_88ae138922fe95674369b1cb3d215a2b','<div class=\"rss-widget\"><p><strong>RSS Error</strong>: WP HTTP Error: Resolving timed out after 10531 milliseconds</p></div><div class=\"rss-widget\"><p><strong>RSS Error</strong>: WP HTTP Error: Resolving timed out after 10536 milliseconds</p></div><div class=\"rss-widget\"><ul></ul></div>','no'),(535,'rewrite_rules','a:98:{s:11:\"^wp-json/?$\";s:22:\"index.php?rest_route=/\";s:14:\"^wp-json/(.*)?\";s:33:\"index.php?rest_route=/$matches[1]\";s:8:\"event/?$\";s:25:\"index.php?post_type=event\";s:38:\"event/feed/(feed|rdf|rss|rss2|atom)/?$\";s:42:\"index.php?post_type=event&feed=$matches[1]\";s:33:\"event/(feed|rdf|rss|rss2|atom)/?$\";s:42:\"index.php?post_type=event&feed=$matches[1]\";s:25:\"event/page/([0-9]{1,})/?$\";s:43:\"index.php?post_type=event&paged=$matches[1]\";s:47:\"category/(.+?)/feed/(feed|rdf|rss|rss2|atom)/?$\";s:52:\"index.php?category_name=$matches[1]&feed=$matches[2]\";s:42:\"category/(.+?)/(feed|rdf|rss|rss2|atom)/?$\";s:52:\"index.php?category_name=$matches[1]&feed=$matches[2]\";s:35:\"category/(.+?)/page/?([0-9]{1,})/?$\";s:53:\"index.php?category_name=$matches[1]&paged=$matches[2]\";s:17:\"category/(.+?)/?$\";s:35:\"index.php?category_name=$matches[1]\";s:44:\"tag/([^/]+)/feed/(feed|rdf|rss|rss2|atom)/?$\";s:42:\"index.php?tag=$matches[1]&feed=$matches[2]\";s:39:\"tag/([^/]+)/(feed|rdf|rss|rss2|atom)/?$\";s:42:\"index.php?tag=$matches[1]&feed=$matches[2]\";s:32:\"tag/([^/]+)/page/?([0-9]{1,})/?$\";s:43:\"index.php?tag=$matches[1]&paged=$matches[2]\";s:14:\"tag/([^/]+)/?$\";s:25:\"index.php?tag=$matches[1]\";s:45:\"type/([^/]+)/feed/(feed|rdf|rss|rss2|atom)/?$\";s:50:\"index.php?post_format=$matches[1]&feed=$matches[2]\";s:40:\"type/([^/]+)/(feed|rdf|rss|rss2|atom)/?$\";s:50:\"index.php?post_format=$matches[1]&feed=$matches[2]\";s:33:\"type/([^/]+)/page/?([0-9]{1,})/?$\";s:51:\"index.php?post_format=$matches[1]&paged=$matches[2]\";s:15:\"type/([^/]+)/?$\";s:33:\"index.php?post_format=$matches[1]\";s:33:\"event/[^/]+/attachment/([^/]+)/?$\";s:32:\"index.php?attachment=$matches[1]\";s:43:\"event/[^/]+/attachment/([^/]+)/trackback/?$\";s:37:\"index.php?attachment=$matches[1]&tb=1\";s:63:\"event/[^/]+/attachment/([^/]+)/feed/(feed|rdf|rss|rss2|atom)/?$\";s:49:\"index.php?attachment=$matches[1]&feed=$matches[2]\";s:58:\"event/[^/]+/attachment/([^/]+)/(feed|rdf|rss|rss2|atom)/?$\";s:49:\"index.php?attachment=$matches[1]&feed=$matches[2]\";s:58:\"event/[^/]+/attachment/([^/]+)/comment-page-([0-9]{1,})/?$\";s:50:\"index.php?attachment=$matches[1]&cpage=$matches[2]\";s:39:\"event/[^/]+/attachment/([^/]+)/embed/?$\";s:43:\"index.php?attachment=$matches[1]&embed=true\";s:22:\"event/([^/]+)/embed/?$\";s:38:\"index.php?event=$matches[1]&embed=true\";s:26:\"event/([^/]+)/trackback/?$\";s:32:\"index.php?event=$matches[1]&tb=1\";s:46:\"event/([^/]+)/feed/(feed|rdf|rss|rss2|atom)/?$\";s:44:\"index.php?event=$matches[1]&feed=$matches[2]\";s:41:\"event/([^/]+)/(feed|rdf|rss|rss2|atom)/?$\";s:44:\"index.php?event=$matches[1]&feed=$matches[2]\";s:34:\"event/([^/]+)/page/?([0-9]{1,})/?$\";s:45:\"index.php?event=$matches[1]&paged=$matches[2]\";s:41:\"event/([^/]+)/comment-page-([0-9]{1,})/?$\";s:45:\"index.php?event=$matches[1]&cpage=$matches[2]\";s:30:\"event/([^/]+)(?:/([0-9]+))?/?$\";s:44:\"index.php?event=$matches[1]&page=$matches[2]\";s:22:\"event/[^/]+/([^/]+)/?$\";s:32:\"index.php?attachment=$matches[1]\";s:32:\"event/[^/]+/([^/]+)/trackback/?$\";s:37:\"index.php?attachment=$matches[1]&tb=1\";s:52:\"event/[^/]+/([^/]+)/feed/(feed|rdf|rss|rss2|atom)/?$\";s:49:\"index.php?attachment=$matches[1]&feed=$matches[2]\";s:47:\"event/[^/]+/([^/]+)/(feed|rdf|rss|rss2|atom)/?$\";s:49:\"index.php?attachment=$matches[1]&feed=$matches[2]\";s:47:\"event/[^/]+/([^/]+)/comment-page-([0-9]{1,})/?$\";s:50:\"index.php?attachment=$matches[1]&cpage=$matches[2]\";s:28:\"event/[^/]+/([^/]+)/embed/?$\";s:43:\"index.php?attachment=$matches[1]&embed=true\";s:12:\"robots\\.txt$\";s:18:\"index.php?robots=1\";s:48:\".*wp-(atom|rdf|rss|rss2|feed|commentsrss2)\\.php$\";s:18:\"index.php?feed=old\";s:20:\".*wp-app\\.php(/.*)?$\";s:19:\"index.php?error=403\";s:18:\".*wp-register.php$\";s:23:\"index.php?register=true\";s:32:\"feed/(feed|rdf|rss|rss2|atom)/?$\";s:27:\"index.php?&feed=$matches[1]\";s:27:\"(feed|rdf|rss|rss2|atom)/?$\";s:27:\"index.php?&feed=$matches[1]\";s:20:\"page/?([0-9]{1,})/?$\";s:28:\"index.php?&paged=$matches[1]\";s:41:\"comments/feed/(feed|rdf|rss|rss2|atom)/?$\";s:42:\"index.php?&feed=$matches[1]&withcomments=1\";s:36:\"comments/(feed|rdf|rss|rss2|atom)/?$\";s:42:\"index.php?&feed=$matches[1]&withcomments=1\";s:44:\"search/(.+)/feed/(feed|rdf|rss|rss2|atom)/?$\";s:40:\"index.php?s=$matches[1]&feed=$matches[2]\";s:39:\"search/(.+)/(feed|rdf|rss|rss2|atom)/?$\";s:40:\"index.php?s=$matches[1]&feed=$matches[2]\";s:32:\"search/(.+)/page/?([0-9]{1,})/?$\";s:41:\"index.php?s=$matches[1]&paged=$matches[2]\";s:14:\"search/(.+)/?$\";s:23:\"index.php?s=$matches[1]\";s:47:\"author/([^/]+)/feed/(feed|rdf|rss|rss2|atom)/?$\";s:50:\"index.php?author_name=$matches[1]&feed=$matches[2]\";s:42:\"author/([^/]+)/(feed|rdf|rss|rss2|atom)/?$\";s:50:\"index.php?author_name=$matches[1]&feed=$matches[2]\";s:35:\"author/([^/]+)/page/?([0-9]{1,})/?$\";s:51:\"index.php?author_name=$matches[1]&paged=$matches[2]\";s:17:\"author/([^/]+)/?$\";s:33:\"index.php?author_name=$matches[1]\";s:69:\"([0-9]{4})/([0-9]{1,2})/([0-9]{1,2})/feed/(feed|rdf|rss|rss2|atom)/?$\";s:80:\"index.php?year=$matches[1]&monthnum=$matches[2]&day=$matches[3]&feed=$matches[4]\";s:64:\"([0-9]{4})/([0-9]{1,2})/([0-9]{1,2})/(feed|rdf|rss|rss2|atom)/?$\";s:80:\"index.php?year=$matches[1]&monthnum=$matches[2]&day=$matches[3]&feed=$matches[4]\";s:57:\"([0-9]{4})/([0-9]{1,2})/([0-9]{1,2})/page/?([0-9]{1,})/?$\";s:81:\"index.php?year=$matches[1]&monthnum=$matches[2]&day=$matches[3]&paged=$matches[4]\";s:39:\"([0-9]{4})/([0-9]{1,2})/([0-9]{1,2})/?$\";s:63:\"index.php?year=$matches[1]&monthnum=$matches[2]&day=$matches[3]\";s:56:\"([0-9]{4})/([0-9]{1,2})/feed/(feed|rdf|rss|rss2|atom)/?$\";s:64:\"index.php?year=$matches[1]&monthnum=$matches[2]&feed=$matches[3]\";s:51:\"([0-9]{4})/([0-9]{1,2})/(feed|rdf|rss|rss2|atom)/?$\";s:64:\"index.php?year=$matches[1]&monthnum=$matches[2]&feed=$matches[3]\";s:44:\"([0-9]{4})/([0-9]{1,2})/page/?([0-9]{1,})/?$\";s:65:\"index.php?year=$matches[1]&monthnum=$matches[2]&paged=$matches[3]\";s:26:\"([0-9]{4})/([0-9]{1,2})/?$\";s:47:\"index.php?year=$matches[1]&monthnum=$matches[2]\";s:43:\"([0-9]{4})/feed/(feed|rdf|rss|rss2|atom)/?$\";s:43:\"index.php?year=$matches[1]&feed=$matches[2]\";s:38:\"([0-9]{4})/(feed|rdf|rss|rss2|atom)/?$\";s:43:\"index.php?year=$matches[1]&feed=$matches[2]\";s:31:\"([0-9]{4})/page/?([0-9]{1,})/?$\";s:44:\"index.php?year=$matches[1]&paged=$matches[2]\";s:13:\"([0-9]{4})/?$\";s:26:\"index.php?year=$matches[1]\";s:27:\".?.+?/attachment/([^/]+)/?$\";s:32:\"index.php?attachment=$matches[1]\";s:37:\".?.+?/attachment/([^/]+)/trackback/?$\";s:37:\"index.php?attachment=$matches[1]&tb=1\";s:57:\".?.+?/attachment/([^/]+)/feed/(feed|rdf|rss|rss2|atom)/?$\";s:49:\"index.php?attachment=$matches[1]&feed=$matches[2]\";s:52:\".?.+?/attachment/([^/]+)/(feed|rdf|rss|rss2|atom)/?$\";s:49:\"index.php?attachment=$matches[1]&feed=$matches[2]\";s:52:\".?.+?/attachment/([^/]+)/comment-page-([0-9]{1,})/?$\";s:50:\"index.php?attachment=$matches[1]&cpage=$matches[2]\";s:33:\".?.+?/attachment/([^/]+)/embed/?$\";s:43:\"index.php?attachment=$matches[1]&embed=true\";s:16:\"(.?.+?)/embed/?$\";s:41:\"index.php?pagename=$matches[1]&embed=true\";s:20:\"(.?.+?)/trackback/?$\";s:35:\"index.php?pagename=$matches[1]&tb=1\";s:40:\"(.?.+?)/feed/(feed|rdf|rss|rss2|atom)/?$\";s:47:\"index.php?pagename=$matches[1]&feed=$matches[2]\";s:35:\"(.?.+?)/(feed|rdf|rss|rss2|atom)/?$\";s:47:\"index.php?pagename=$matches[1]&feed=$matches[2]\";s:28:\"(.?.+?)/page/?([0-9]{1,})/?$\";s:48:\"index.php?pagename=$matches[1]&paged=$matches[2]\";s:35:\"(.?.+?)/comment-page-([0-9]{1,})/?$\";s:48:\"index.php?pagename=$matches[1]&cpage=$matches[2]\";s:24:\"(.?.+?)(?:/([0-9]+))?/?$\";s:47:\"index.php?pagename=$matches[1]&page=$matches[2]\";s:27:\"[^/]+/attachment/([^/]+)/?$\";s:32:\"index.php?attachment=$matches[1]\";s:37:\"[^/]+/attachment/([^/]+)/trackback/?$\";s:37:\"index.php?attachment=$matches[1]&tb=1\";s:57:\"[^/]+/attachment/([^/]+)/feed/(feed|rdf|rss|rss2|atom)/?$\";s:49:\"index.php?attachment=$matches[1]&feed=$matches[2]\";s:52:\"[^/]+/attachment/([^/]+)/(feed|rdf|rss|rss2|atom)/?$\";s:49:\"index.php?attachment=$matches[1]&feed=$matches[2]\";s:52:\"[^/]+/attachment/([^/]+)/comment-page-([0-9]{1,})/?$\";s:50:\"index.php?attachment=$matches[1]&cpage=$matches[2]\";s:33:\"[^/]+/attachment/([^/]+)/embed/?$\";s:43:\"index.php?attachment=$matches[1]&embed=true\";s:16:\"([^/]+)/embed/?$\";s:37:\"index.php?name=$matches[1]&embed=true\";s:20:\"([^/]+)/trackback/?$\";s:31:\"index.php?name=$matches[1]&tb=1\";s:40:\"([^/]+)/feed/(feed|rdf|rss|rss2|atom)/?$\";s:43:\"index.php?name=$matches[1]&feed=$matches[2]\";s:35:\"([^/]+)/(feed|rdf|rss|rss2|atom)/?$\";s:43:\"index.php?name=$matches[1]&feed=$matches[2]\";s:28:\"([^/]+)/page/?([0-9]{1,})/?$\";s:44:\"index.php?name=$matches[1]&paged=$matches[2]\";s:35:\"([^/]+)/comment-page-([0-9]{1,})/?$\";s:44:\"index.php?name=$matches[1]&cpage=$matches[2]\";s:24:\"([^/]+)(?:/([0-9]+))?/?$\";s:43:\"index.php?name=$matches[1]&page=$matches[2]\";s:16:\"[^/]+/([^/]+)/?$\";s:32:\"index.php?attachment=$matches[1]\";s:26:\"[^/]+/([^/]+)/trackback/?$\";s:37:\"index.php?attachment=$matches[1]&tb=1\";s:46:\"[^/]+/([^/]+)/feed/(feed|rdf|rss|rss2|atom)/?$\";s:49:\"index.php?attachment=$matches[1]&feed=$matches[2]\";s:41:\"[^/]+/([^/]+)/(feed|rdf|rss|rss2|atom)/?$\";s:49:\"index.php?attachment=$matches[1]&feed=$matches[2]\";s:41:\"[^/]+/([^/]+)/comment-page-([0-9]{1,})/?$\";s:50:\"index.php?attachment=$matches[1]&cpage=$matches[2]\";s:22:\"[^/]+/([^/]+)/embed/?$\";s:43:\"index.php?attachment=$matches[1]&embed=true\";}','yes'),(545,'_site_transient_timeout_theme_roots','1459392900','yes'),(546,'_site_transient_theme_roots','a:4:{s:7:\"saatchi\";s:7:\"/themes\";s:13:\"twentyfifteen\";s:7:\"/themes\";s:14:\"twentyfourteen\";s:7:\"/themes\";s:13:\"twentysixteen\";s:7:\"/themes\";}','yes'),(547,'_site_transient_update_plugins','O:8:\"stdClass\":4:{s:12:\"last_checked\";i:1459391106;s:8:\"response\";a:1:{s:19:\"akismet/akismet.php\";O:8:\"stdClass\":8:{s:2:\"id\";s:2:\"15\";s:4:\"slug\";s:7:\"akismet\";s:6:\"plugin\";s:19:\"akismet/akismet.php\";s:11:\"new_version\";s:5:\"3.1.9\";s:3:\"url\";s:38:\"https://wordpress.org/plugins/akismet/\";s:7:\"package\";s:56:\"https://downloads.wordpress.org/plugin/akismet.3.1.9.zip\";s:6:\"tested\";s:5:\"4.4.2\";s:13:\"compatibility\";b:0;}}s:12:\"translations\";a:0:{}s:9:\"no_update\";a:4:{s:13:\"cmb2/init.php\";O:8:\"stdClass\":7:{s:2:\"id\";s:5:\"53754\";s:4:\"slug\";s:4:\"cmb2\";s:6:\"plugin\";s:13:\"cmb2/init.php\";s:11:\"new_version\";s:5:\"2.2.1\";s:3:\"url\";s:35:\"https://wordpress.org/plugins/cmb2/\";s:7:\"package\";s:47:\"https://downloads.wordpress.org/plugin/cmb2.zip\";s:14:\"upgrade_notice\";b:0;}s:31:\"master-slider/master-slider.php\";O:8:\"stdClass\":7:{s:2:\"id\";s:5:\"51874\";s:4:\"slug\";s:13:\"master-slider\";s:6:\"plugin\";s:31:\"master-slider/master-slider.php\";s:11:\"new_version\";s:5:\"2.7.1\";s:3:\"url\";s:44:\"https://wordpress.org/plugins/master-slider/\";s:7:\"package\";s:56:\"https://downloads.wordpress.org/plugin/master-slider.zip\";s:14:\"upgrade_notice\";s:51:\"[Fix]: Minor issue with an undefined variable fixed\";}s:23:\"ml-slider/ml-slider.php\";O:8:\"stdClass\":6:{s:2:\"id\";s:5:\"38583\";s:4:\"slug\";s:9:\"ml-slider\";s:6:\"plugin\";s:23:\"ml-slider/ml-slider.php\";s:11:\"new_version\";s:5:\"3.3.6\";s:3:\"url\";s:40:\"https://wordpress.org/plugins/ml-slider/\";s:7:\"package\";s:58:\"https://downloads.wordpress.org/plugin/ml-slider.3.3.6.zip\";}s:37:\"tinymce-advanced/tinymce-advanced.php\";O:8:\"stdClass\":6:{s:2:\"id\";s:3:\"731\";s:4:\"slug\";s:16:\"tinymce-advanced\";s:6:\"plugin\";s:37:\"tinymce-advanced/tinymce-advanced.php\";s:11:\"new_version\";s:5:\"4.2.8\";s:3:\"url\";s:47:\"https://wordpress.org/plugins/tinymce-advanced/\";s:7:\"package\";s:65:\"https://downloads.wordpress.org/plugin/tinymce-advanced.4.2.8.zip\";}}}','yes'),(548,'_transient_is_multi_author','0','yes'),(549,'_transient_saatchi_categories','1','yes');
/*!40000 ALTER TABLE `minioptions` ENABLE KEYS */;
UNLOCK TABLES;

--
-- Table structure for table `minipostmeta`
--

DROP TABLE IF EXISTS `minipostmeta`;
/*!40101 SET @saved_cs_client     = @@character_set_client */;
/*!40101 SET character_set_client = utf8 */;
CREATE TABLE `minipostmeta` (
  `meta_id` bigint(20) unsigned NOT NULL AUTO_INCREMENT,
  `post_id` bigint(20) unsigned NOT NULL DEFAULT '0',
  `meta_key` varchar(255) COLLATE utf8mb4_unicode_ci DEFAULT NULL,
  `meta_value` longtext COLLATE utf8mb4_unicode_ci,
  PRIMARY KEY (`meta_id`),
  KEY `post_id` (`post_id`),
  KEY `meta_key` (`meta_key`(191))
) ENGINE=InnoDB AUTO_INCREMENT=365 DEFAULT CHARSET=utf8mb4 COLLATE=utf8mb4_unicode_ci;
/*!40101 SET character_set_client = @saved_cs_client */;

--
-- Dumping data for table `minipostmeta`
--

LOCK TABLES `minipostmeta` WRITE;
/*!40000 ALTER TABLE `minipostmeta` DISABLE KEYS */;
INSERT INTO `minipostmeta` VALUES (1,2,'_wp_page_template','default'),(2,4,'_menu_item_type','custom'),(3,4,'_menu_item_menu_item_parent','0'),(4,4,'_menu_item_object_id','4'),(5,4,'_menu_item_object','custom'),(6,4,'_menu_item_target',''),(7,4,'_menu_item_classes','a:1:{i:0;s:0:\"\";}'),(8,4,'_menu_item_xfn',''),(9,4,'_menu_item_url','http://saatchi-mini.dev/'),(10,4,'_menu_item_orphaned','1458526114'),(11,5,'_menu_item_type','post_type'),(12,5,'_menu_item_menu_item_parent','0'),(13,5,'_menu_item_object_id','2'),(14,5,'_menu_item_object','page'),(15,5,'_menu_item_target',''),(16,5,'_menu_item_classes','a:1:{i:0;s:0:\"\";}'),(17,5,'_menu_item_xfn',''),(18,5,'_menu_item_url',''),(19,5,'_menu_item_orphaned','1458526114'),(20,6,'_menu_item_type','custom'),(21,6,'_menu_item_menu_item_parent','0'),(22,6,'_menu_item_object_id','6'),(23,6,'_menu_item_object','custom'),(24,6,'_menu_item_target',''),(25,6,'_menu_item_classes','a:1:{i:0;s:0:\"\";}'),(26,6,'_menu_item_xfn',''),(27,6,'_menu_item_url','http://saatchi-mini.dev/'),(28,6,'_menu_item_orphaned','1458526129'),(29,7,'_menu_item_type','post_type'),(30,7,'_menu_item_menu_item_parent','0'),(31,7,'_menu_item_object_id','2'),(32,7,'_menu_item_object','page'),(33,7,'_menu_item_target',''),(34,7,'_menu_item_classes','a:1:{i:0;s:0:\"\";}'),(35,7,'_menu_item_xfn',''),(36,7,'_menu_item_url',''),(37,7,'_menu_item_orphaned','1458526129'),(38,8,'_menu_item_type','custom'),(39,8,'_menu_item_menu_item_parent','0'),(40,8,'_menu_item_object_id','8'),(41,8,'_menu_item_object','custom'),(42,8,'_menu_item_target',''),(43,8,'_menu_item_classes','a:1:{i:0;s:0:\"\";}'),(44,8,'_menu_item_xfn',''),(45,8,'_menu_item_url','http://saatchi-mini.dev/'),(46,8,'_menu_item_orphaned','1458545086'),(47,9,'_menu_item_type','post_type'),(48,9,'_menu_item_menu_item_parent','0'),(49,9,'_menu_item_object_id','2'),(50,9,'_menu_item_object','page'),(51,9,'_menu_item_target',''),(52,9,'_menu_item_classes','a:1:{i:0;s:0:\"\";}'),(53,9,'_menu_item_xfn',''),(54,9,'_menu_item_url',''),(55,9,'_menu_item_orphaned','1458545086'),(56,10,'_menu_item_type','custom'),(57,10,'_menu_item_menu_item_parent','0'),(58,10,'_menu_item_object_id','10'),(59,10,'_menu_item_object','custom'),(60,10,'_menu_item_target',''),(61,10,'_menu_item_classes','a:1:{i:0;s:0:\"\";}'),(62,10,'_menu_item_xfn',''),(63,10,'_menu_item_url','http://en.saatchi.com.cn'),(65,11,'_menu_item_type','post_type'),(66,11,'_menu_item_menu_item_parent','43'),(67,11,'_menu_item_object_id','2'),(68,11,'_menu_item_object','page'),(69,11,'_menu_item_target',''),(70,11,'_menu_item_classes','a:1:{i:0;s:0:\"\";}'),(71,11,'_menu_item_xfn',''),(72,11,'_menu_item_url',''),(74,12,'_menu_item_type','custom'),(75,12,'_menu_item_menu_item_parent','0'),(76,12,'_menu_item_object_id','12'),(77,12,'_menu_item_object','custom'),(78,12,'_menu_item_target',''),(79,12,'_menu_item_classes','a:1:{i:0;s:0:\"\";}'),(80,12,'_menu_item_xfn',''),(81,12,'_menu_item_url','http://en.saatchi.com.cn/en-gb/network/contact-us/'),(83,13,'_menu_item_type','custom'),(84,13,'_menu_item_menu_item_parent','0'),(85,13,'_menu_item_object_id','13'),(86,13,'_menu_item_object','custom'),(87,13,'_menu_item_target',''),(88,13,'_menu_item_classes','a:1:{i:0;s:0:\"\";}'),(89,13,'_menu_item_xfn',''),(90,13,'_menu_item_url','http://en.saatchi.com.cn/en-gb/terms/'),(92,14,'_menu_item_type','custom'),(93,14,'_menu_item_menu_item_parent','0'),(94,14,'_menu_item_object_id','14'),(95,14,'_menu_item_object','custom'),(96,14,'_menu_item_target',''),(97,14,'_menu_item_classes','a:1:{i:0;s:0:\"\";}'),(98,14,'_menu_item_xfn',''),(99,14,'_menu_item_url','http://en.saatchi.com.cn/en-gb/privacy/'),(101,1,'_edit_lock','1458803993:1'),(102,2,'_edit_lock','1459327064:1'),(107,1,'_edit_last','1'),(152,1,'media-contact','Kris Xiao\r\nPR Specialist, Saatchi &amp;amp; Saatchi Greater China\r\n23F, Henderson 688, No.688 West Nan Jing Road, Shanghai, China 200041, PRC.\r\nD: +8621 6193 1294 |F:  +8621 6193 1368\r\nEmail: kris.xiao@saatchi.com.cn\r\nhttp://weibo.com/saatchichina'),(159,24,'_edit_last','1'),(160,24,'_edit_lock','1459245437:1'),(167,27,'_edit_last','1'),(168,27,'_edit_lock','1459303391:1'),(172,27,'media-contact','Lee Sharrock\r\nDirector of Global Creative PR\r\nSaatchi &amp;amp; Saatchi Worldwide\r\n&lt;a href=&quot;mailto:Lee.sharrock@saatchi.co.uk&quot;&gt;lee.sharrock@saatchi.co.uk&lt;/a&gt;'),(173,29,'_edit_last','1'),(174,29,'_edit_lock','1459306505:1'),(180,29,'media-contact','Lee Sharrock\r\nDirector of Global Creative PR\r\nSaatchi &amp;amp; Saatchi Worldwide\r\n&lt;a href=&quot;mailto:Lee.sharrock@saatchi.co.uk&quot;&gt;lee.sharrock@saatchi.co.uk&lt;/a&gt;'),(187,33,'_wp_attached_file','2016/03/saatchi.jpg'),(188,33,'_wp_attachment_metadata','a:5:{s:5:\"width\";i:753;s:6:\"height\";i:422;s:4:\"file\";s:19:\"2016/03/saatchi.jpg\";s:5:\"sizes\";a:1:{s:9:\"thumbnail\";a:4:{s:4:\"file\";s:19:\"saatchi-460x258.jpg\";s:5:\"width\";i:460;s:6:\"height\";i:258;s:9:\"mime-type\";s:10:\"image/jpeg\";}}s:10:\"image_meta\";a:12:{s:8:\"aperture\";s:1:\"0\";s:6:\"credit\";s:0:\"\";s:6:\"camera\";s:0:\"\";s:7:\"caption\";s:0:\"\";s:17:\"created_timestamp\";s:1:\"0\";s:9:\"copyright\";s:0:\"\";s:12:\"focal_length\";s:1:\"0\";s:3:\"iso\";s:1:\"0\";s:13:\"shutter_speed\";s:1:\"0\";s:5:\"title\";s:0:\"\";s:11:\"orientation\";s:1:\"0\";s:8:\"keywords\";a:0:{}}}'),(189,29,'_thumbnail_id','33'),(192,27,'_thumbnail_id','33'),(195,24,'_thumbnail_id','33'),(198,1,'_thumbnail_id','33'),(201,34,'_menu_item_type','custom'),(202,34,'_menu_item_menu_item_parent','0'),(203,34,'_menu_item_object_id','34'),(204,34,'_menu_item_object','custom'),(205,34,'_menu_item_target',''),(206,34,'_menu_item_classes','a:1:{i:0;s:0:\"\";}'),(207,34,'_menu_item_xfn',''),(208,34,'_menu_item_url','http://en.saatchi.com.cn/en-gb/purpose/purpose-page/'),(210,35,'_edit_last','1'),(211,35,'_edit_lock','1458802745:1'),(214,35,'media-contact',''),(215,35,'_wp_trash_meta_status','publish'),(216,35,'_wp_trash_meta_time','1458802918'),(217,37,'_edit_last','1'),(218,37,'_edit_lock','1459327076:1'),(244,41,'_menu_item_type','post_type'),(245,41,'_menu_item_menu_item_parent','43'),(246,41,'_menu_item_object_id','37'),(247,41,'_menu_item_object','page'),(248,41,'_menu_item_target',''),(249,41,'_menu_item_classes','a:1:{i:0;s:0:\"\";}'),(250,41,'_menu_item_xfn',''),(251,41,'_menu_item_url',''),(253,42,'_edit_last','1'),(254,43,'_menu_item_type','post_type'),(255,43,'_menu_item_menu_item_parent','0'),(256,43,'_menu_item_object_id','42'),(257,43,'_menu_item_object','page'),(258,43,'_menu_item_target',''),(259,43,'_menu_item_classes','a:1:{i:0;s:0:\"\";}'),(260,43,'_menu_item_xfn',''),(261,43,'_menu_item_url',''),(262,42,'_edit_lock','1459334175:1'),(263,48,'ml-slider_settings','a:35:{s:4:\"type\";s:4:\"flex\";s:6:\"random\";s:5:\"false\";s:8:\"cssClass\";s:0:\"\";s:8:\"printCss\";s:4:\"true\";s:7:\"printJs\";s:4:\"true\";s:5:\"width\";s:4:\"2000\";s:6:\"height\";s:3:\"550\";s:3:\"spw\";s:1:\"7\";s:3:\"sph\";s:1:\"5\";s:5:\"delay\";s:4:\"3000\";s:6:\"sDelay\";s:2:\"30\";s:7:\"opacity\";s:1:\"0\";s:10:\"titleSpeed\";s:3:\"500\";s:6:\"effect\";s:4:\"fade\";s:10:\"navigation\";s:5:\"false\";s:5:\"links\";s:5:\"false\";s:10:\"hoverPause\";s:4:\"true\";s:5:\"theme\";s:7:\"default\";s:9:\"direction\";s:10:\"horizontal\";s:7:\"reverse\";s:5:\"false\";s:14:\"animationSpeed\";s:3:\"800\";s:8:\"prevText\";s:1:\"<\";s:8:\"nextText\";s:1:\">\";s:6:\"slices\";s:2:\"15\";s:6:\"center\";s:4:\"true\";s:9:\"smartCrop\";s:4:\"true\";s:12:\"carouselMode\";s:5:\"false\";s:14:\"carouselMargin\";s:1:\"5\";s:6:\"easing\";s:6:\"linear\";s:8:\"autoPlay\";s:4:\"true\";s:11:\"thumb_width\";i:150;s:12:\"thumb_height\";i:100;s:9:\"fullWidth\";s:4:\"true\";s:10:\"noConflict\";s:4:\"true\";s:12:\"smoothHeight\";s:5:\"false\";}'),(266,50,'_wp_attached_file','2016/03/saatchi_slider.jpg'),(267,50,'_wp_attachment_metadata','a:5:{s:5:\"width\";i:1800;s:6:\"height\";i:500;s:4:\"file\";s:26:\"2016/03/saatchi_slider.jpg\";s:5:\"sizes\";a:3:{s:9:\"thumbnail\";a:4:{s:4:\"file\";s:26:\"saatchi_slider-460x128.jpg\";s:5:\"width\";i:460;s:6:\"height\";i:128;s:9:\"mime-type\";s:10:\"image/jpeg\";}s:6:\"medium\";a:4:{s:4:\"file\";s:26:\"saatchi_slider-753x209.jpg\";s:5:\"width\";i:753;s:6:\"height\";i:209;s:9:\"mime-type\";s:10:\"image/jpeg\";}s:5:\"large\";a:4:{s:4:\"file\";s:27:\"saatchi_slider-1024x284.jpg\";s:5:\"width\";i:1024;s:6:\"height\";i:284;s:9:\"mime-type\";s:10:\"image/jpeg\";}}s:10:\"image_meta\";a:12:{s:8:\"aperture\";s:1:\"0\";s:6:\"credit\";s:0:\"\";s:6:\"camera\";s:0:\"\";s:7:\"caption\";s:0:\"\";s:17:\"created_timestamp\";s:1:\"0\";s:9:\"copyright\";s:0:\"\";s:12:\"focal_length\";s:1:\"0\";s:3:\"iso\";s:1:\"0\";s:13:\"shutter_speed\";s:1:\"0\";s:5:\"title\";s:0:\"\";s:11:\"orientation\";s:1:\"0\";s:8:\"keywords\";a:0:{}}}'),(268,50,'_edit_lock','1459135153:1'),(269,51,'_wp_attached_file','2016/03/slider.jpg'),(270,51,'_wp_attachment_metadata','a:5:{s:5:\"width\";i:1800;s:6:\"height\";i:500;s:4:\"file\";s:18:\"2016/03/slider.jpg\";s:5:\"sizes\";a:3:{s:9:\"thumbnail\";a:4:{s:4:\"file\";s:18:\"slider-460x128.jpg\";s:5:\"width\";i:460;s:6:\"height\";i:128;s:9:\"mime-type\";s:10:\"image/jpeg\";}s:6:\"medium\";a:4:{s:4:\"file\";s:18:\"slider-753x209.jpg\";s:5:\"width\";i:753;s:6:\"height\";i:209;s:9:\"mime-type\";s:10:\"image/jpeg\";}s:5:\"large\";a:4:{s:4:\"file\";s:19:\"slider-1024x284.jpg\";s:5:\"width\";i:1024;s:6:\"height\";i:284;s:9:\"mime-type\";s:10:\"image/jpeg\";}}s:10:\"image_meta\";a:12:{s:8:\"aperture\";s:1:\"0\";s:6:\"credit\";s:0:\"\";s:6:\"camera\";s:0:\"\";s:7:\"caption\";s:0:\"\";s:17:\"created_timestamp\";s:1:\"0\";s:9:\"copyright\";s:0:\"\";s:12:\"focal_length\";s:1:\"0\";s:3:\"iso\";s:1:\"0\";s:13:\"shutter_speed\";s:1:\"0\";s:5:\"title\";s:0:\"\";s:11:\"orientation\";s:1:\"0\";s:8:\"keywords\";a:0:{}}}'),(271,51,'_edit_lock','1459135183:1'),(272,50,'ml-slider_type','image'),(273,50,'_wp_attachment_backup_sizes','a:4:{s:15:\"resized-150x150\";a:5:{s:4:\"path\";s:71:\"/www/saatchi-mini/wp-content/uploads/2016/03/saatchi_slider-150x150.jpg\";s:4:\"file\";s:26:\"saatchi_slider-150x150.jpg\";s:5:\"width\";i:150;s:6:\"height\";i:150;s:9:\"mime-type\";s:10:\"image/jpeg\";}s:15:\"resized-700x300\";a:5:{s:4:\"path\";s:71:\"/www/saatchi-mini/wp-content/uploads/2016/03/saatchi_slider-700x300.jpg\";s:4:\"file\";s:26:\"saatchi_slider-700x300.jpg\";s:5:\"width\";i:700;s:6:\"height\";i:300;s:9:\"mime-type\";s:10:\"image/jpeg\";}s:16:\"resized-1800x450\";a:5:{s:4:\"path\";s:72:\"/www/saatchi-mini/wp-content/uploads/2016/03/saatchi_slider-1800x450.jpg\";s:4:\"file\";s:27:\"saatchi_slider-1800x450.jpg\";s:5:\"width\";i:1800;s:6:\"height\";i:450;s:9:\"mime-type\";s:10:\"image/jpeg\";}s:16:\"resized-1800x495\";a:5:{s:4:\"path\";s:72:\"/www/saatchi-mini/wp-content/uploads/2016/03/saatchi_slider-1800x495.jpg\";s:4:\"file\";s:27:\"saatchi_slider-1800x495.jpg\";s:5:\"width\";i:1800;s:6:\"height\";i:495;s:9:\"mime-type\";s:10:\"image/jpeg\";}}'),(274,51,'ml-slider_type','image'),(275,51,'_wp_attachment_backup_sizes','a:4:{s:15:\"resized-150x150\";a:5:{s:4:\"path\";s:63:\"/www/saatchi-mini/wp-content/uploads/2016/03/slider-150x150.jpg\";s:4:\"file\";s:18:\"slider-150x150.jpg\";s:5:\"width\";i:150;s:6:\"height\";i:150;s:9:\"mime-type\";s:10:\"image/jpeg\";}s:15:\"resized-700x300\";a:5:{s:4:\"path\";s:63:\"/www/saatchi-mini/wp-content/uploads/2016/03/slider-700x300.jpg\";s:4:\"file\";s:18:\"slider-700x300.jpg\";s:5:\"width\";i:700;s:6:\"height\";i:300;s:9:\"mime-type\";s:10:\"image/jpeg\";}s:16:\"resized-1800x450\";a:5:{s:4:\"path\";s:64:\"/www/saatchi-mini/wp-content/uploads/2016/03/slider-1800x450.jpg\";s:4:\"file\";s:19:\"slider-1800x450.jpg\";s:5:\"width\";i:1800;s:6:\"height\";i:450;s:9:\"mime-type\";s:10:\"image/jpeg\";}s:16:\"resized-1800x495\";a:5:{s:4:\"path\";s:64:\"/www/saatchi-mini/wp-content/uploads/2016/03/slider-1800x495.jpg\";s:4:\"file\";s:19:\"slider-1800x495.jpg\";s:5:\"width\";i:1800;s:6:\"height\";i:495;s:9:\"mime-type\";s:10:\"image/jpeg\";}}'),(276,50,'ml-slider_crop_position','center-center'),(277,50,'_wp_attachment_image_alt',''),(278,51,'ml-slider_crop_position','center-center'),(279,51,'_wp_attachment_image_alt',''),(280,24,'Page Slider','sss'),(290,86,'_edit_last','1'),(291,86,'_edit_lock','1459320587:1'),(297,86,'saatchi_events_st','1458000000'),(298,86,'saatchi_events_ed','1458086400'),(299,86,'saatchi_events_location','Shanghai, Handerson Plaza, 23th floor'),(300,86,'saatchi_events_url','http://saatchi-mini.dev/top/'),(301,87,'_edit_last','1'),(302,87,'_edit_lock','1459325064:1'),(303,87,'saatchi_events_st','1458777600'),(304,87,'saatchi_events_ed','1459296000'),(305,87,'saatchi_events_location','Shanghai, Handerson Plaza, 24th floor'),(306,88,'_edit_last','1'),(307,88,'saatchi_events_st','1459209600'),(308,88,'saatchi_events_ed','1459382400'),(309,88,'saatchi_events_location','Shanghai, Handerson Plaza, 25th floor'),(310,88,'_edit_lock','1459323889:1'),(311,90,'_edit_last','1'),(312,90,'_edit_lock','1459321230:1'),(313,90,'saatchi_events_st','1458259200'),(314,90,'saatchi_events_ed','1458864000'),(315,90,'saatchi_events_location','Shanghai, Handerson Plaza, 26th floor'),(316,90,'saatchi_events_url','http://saatchi-mini.dev/?post_type=event&p=90&preview=true'),(317,91,'_menu_item_type','custom'),(318,91,'_menu_item_menu_item_parent','0'),(319,91,'_menu_item_object_id','91'),(320,91,'_menu_item_object','custom'),(321,91,'_menu_item_target',''),(322,91,'_menu_item_classes','a:1:{i:0;s:0:\"\";}'),(323,91,'_menu_item_xfn',''),(324,91,'_menu_item_url','http://en.saatchi.com.cn/en-gb/news/'),(326,92,'_menu_item_type','custom'),(327,92,'_menu_item_menu_item_parent','0'),(328,92,'_menu_item_object_id','92'),(329,92,'_menu_item_object','custom'),(330,92,'_menu_item_target',''),(331,92,'_menu_item_classes','a:1:{i:0;s:0:\"\";}'),(332,92,'_menu_item_xfn',''),(333,92,'_menu_item_url','http://en.saatchi.com.cn/en-gb/work/'),(335,93,'_menu_item_type','custom'),(336,93,'_menu_item_menu_item_parent','0'),(337,93,'_menu_item_object_id','93'),(338,93,'_menu_item_object','custom'),(339,93,'_menu_item_target',''),(340,93,'_menu_item_classes','a:1:{i:0;s:0:\"\";}'),(341,93,'_menu_item_xfn',''),(342,93,'_menu_item_url','http://en.saatchi.com.cn/en-gb/people'),(344,94,'_menu_item_type','custom'),(345,94,'_menu_item_menu_item_parent','0'),(346,94,'_menu_item_object_id','94'),(347,94,'_menu_item_object','custom'),(348,94,'_menu_item_target',''),(349,94,'_menu_item_classes','a:1:{i:0;s:0:\"\";}'),(350,94,'_menu_item_xfn',''),(351,94,'_menu_item_url','http://en.saatchi.com.cn/en-gb/network/'),(353,2,'_edit_last','1'),(354,97,'_edit_last','1'),(355,97,'_edit_lock','1459391030:1'),(356,99,'_menu_item_type','post_type'),(357,99,'_menu_item_menu_item_parent','43'),(358,99,'_menu_item_object_id','97'),(359,99,'_menu_item_object','page'),(360,99,'_menu_item_target',''),(361,99,'_menu_item_classes','a:1:{i:0;s:0:\"\";}'),(362,99,'_menu_item_xfn',''),(363,99,'_menu_item_url','');
/*!40000 ALTER TABLE `minipostmeta` ENABLE KEYS */;
UNLOCK TABLES;

--
-- Table structure for table `miniposts`
--

DROP TABLE IF EXISTS `miniposts`;
/*!40101 SET @saved_cs_client     = @@character_set_client */;
/*!40101 SET character_set_client = utf8 */;
CREATE TABLE `miniposts` (
  `ID` bigint(20) unsigned NOT NULL AUTO_INCREMENT,
  `post_author` bigint(20) unsigned NOT NULL DEFAULT '0',
  `post_date` datetime NOT NULL DEFAULT '0000-00-00 00:00:00',
  `post_date_gmt` datetime NOT NULL DEFAULT '0000-00-00 00:00:00',
  `post_content` longtext COLLATE utf8mb4_unicode_ci NOT NULL,
  `post_title` text COLLATE utf8mb4_unicode_ci NOT NULL,
  `post_excerpt` text COLLATE utf8mb4_unicode_ci NOT NULL,
  `post_status` varchar(20) COLLATE utf8mb4_unicode_ci NOT NULL DEFAULT 'publish',
  `comment_status` varchar(20) COLLATE utf8mb4_unicode_ci NOT NULL DEFAULT 'open',
  `ping_status` varchar(20) COLLATE utf8mb4_unicode_ci NOT NULL DEFAULT 'open',
  `post_password` varchar(20) COLLATE utf8mb4_unicode_ci NOT NULL DEFAULT '',
  `post_name` varchar(200) COLLATE utf8mb4_unicode_ci NOT NULL DEFAULT '',
  `to_ping` text COLLATE utf8mb4_unicode_ci NOT NULL,
  `pinged` text COLLATE utf8mb4_unicode_ci NOT NULL,
  `post_modified` datetime NOT NULL DEFAULT '0000-00-00 00:00:00',
  `post_modified_gmt` datetime NOT NULL DEFAULT '0000-00-00 00:00:00',
  `post_content_filtered` longtext COLLATE utf8mb4_unicode_ci NOT NULL,
  `post_parent` bigint(20) unsigned NOT NULL DEFAULT '0',
  `guid` varchar(255) COLLATE utf8mb4_unicode_ci NOT NULL DEFAULT '',
  `menu_order` int(11) NOT NULL DEFAULT '0',
  `post_type` varchar(20) COLLATE utf8mb4_unicode_ci NOT NULL DEFAULT 'post',
  `post_mime_type` varchar(100) COLLATE utf8mb4_unicode_ci NOT NULL DEFAULT '',
  `comment_count` bigint(20) NOT NULL DEFAULT '0',
  PRIMARY KEY (`ID`),
  KEY `post_name` (`post_name`(191)),
  KEY `type_status_date` (`post_type`,`post_status`,`post_date`,`ID`),
  KEY `post_parent` (`post_parent`),
  KEY `post_author` (`post_author`)
) ENGINE=InnoDB AUTO_INCREMENT=100 DEFAULT CHARSET=utf8mb4 COLLATE=utf8mb4_unicode_ci;
/*!40101 SET character_set_client = @saved_cs_client */;

--
-- Dumping data for table `miniposts`
--

LOCK TABLES `miniposts` WRITE;
/*!40000 ALTER TABLE `miniposts` DISABLE KEYS */;
INSERT INTO `miniposts` VALUES (1,1,'2016-03-14 07:54:46','2016-03-13 23:54:46','Welcome to WordPress. This is your first post. Edit or delete it, then start writing!','Hello world!','','publish','open','open','','hello-world','','','2016-03-24 15:19:53','2016-03-24 07:19:53','',0,'http://saatchi-mini.dev/?p=1',0,'post','',1),(2,1,'2016-03-14 07:54:46','2016-03-14 07:54:46','This is an example page. It\'s different from a blog post because it will stay in one place and will show up in your site navigation (in most themes). Most people start with an About page that introduces them to potential site visitors. It might say something like this:\r\n<blockquote>Hi there! I\'m a bike messenger by day, aspiring actor by night, and this is my website. I live in Los Angeles, have a great dog named Jack, and I like piña coladas. (And gettin\' caught in the rain.)</blockquote>\r\n...or something like this:\r\n<blockquote>The XYZ Doohickey Company was founded in 1971, and has been providing quality doohickeys to the public ever since. Located in Gotham City, XYZ employs over 2,000 people and does all kinds of awesome things for the Gotham community.</blockquote>\r\nAs a new WordPress user, you should go to <a href=\"http://saatchi-mini.dev/wp-admin/\">your dashboard</a> to delete this page and create new pages for your content. Have fun!','Sample Page','','publish','closed','open','','sample-page','','','2016-03-30 16:40:03','2016-03-30 08:40:03','',42,'http://saatchi-mini.dev/?page_id=2',0,'page','',0),(4,1,'2016-03-21 02:08:33','0000-00-00 00:00:00','','Home','','draft','closed','closed','','','','','2016-03-21 02:08:33','0000-00-00 00:00:00','',0,'http://saatchi-mini.dev/?p=4',1,'nav_menu_item','',0),(5,1,'2016-03-21 02:08:34','0000-00-00 00:00:00',' ','','','draft','closed','closed','','','','','2016-03-21 02:08:34','0000-00-00 00:00:00','',0,'http://saatchi-mini.dev/?p=5',1,'nav_menu_item','',0),(6,1,'2016-03-21 02:08:49','0000-00-00 00:00:00','','Home','','draft','closed','closed','','','','','2016-03-21 02:08:49','0000-00-00 00:00:00','',0,'http://saatchi-mini.dev/?p=6',1,'nav_menu_item','',0),(7,1,'2016-03-21 02:08:49','0000-00-00 00:00:00',' ','','','draft','closed','closed','','','','','2016-03-21 02:08:49','0000-00-00 00:00:00','',0,'http://saatchi-mini.dev/?p=7',1,'nav_menu_item','',0),(8,1,'2016-03-21 07:24:46','0000-00-00 00:00:00','','Home','','draft','closed','closed','','','','','2016-03-21 07:24:46','0000-00-00 00:00:00','',0,'http://saatchi-mini.dev/?p=8',1,'nav_menu_item','',0),(9,1,'2016-03-21 07:24:46','0000-00-00 00:00:00',' ','','','draft','closed','closed','','','','','2016-03-21 07:24:46','0000-00-00 00:00:00','',0,'http://saatchi-mini.dev/?p=9',1,'nav_menu_item','',0),(10,1,'2016-03-21 09:18:27','2016-03-21 09:18:27','','Home','','publish','closed','closed','','home','','','2016-03-31 10:26:37','2016-03-31 02:26:37','',0,'http://saatchi-mini.dev/?p=10',1,'nav_menu_item','',0),(11,1,'2016-03-21 09:18:27','2016-03-21 09:18:27',' ','','','publish','closed','closed','','11','','','2016-03-31 10:26:37','2016-03-31 02:26:37','',42,'http://saatchi-mini.dev/?p=11',7,'nav_menu_item','',0),(12,1,'2016-03-22 07:07:22','2016-03-22 07:07:22','','Contact Us','','publish','closed','closed','','contact-us','','','2016-03-22 07:28:18','2016-03-22 07:28:18','',0,'http://saatchi-mini.dev/?p=12',1,'nav_menu_item','',0),(13,1,'2016-03-22 07:07:22','2016-03-22 07:07:22','','Terms & Conditions','','publish','closed','closed','','terms-conditions','','','2016-03-22 07:28:18','2016-03-22 07:28:18','',0,'http://saatchi-mini.dev/?p=13',2,'nav_menu_item','',0),(14,1,'2016-03-22 07:07:22','2016-03-22 07:07:22','','Privacy Policy','','publish','closed','closed','','privacy-policy','','','2016-03-22 07:28:18','2016-03-22 07:28:18','',0,'http://saatchi-mini.dev/?p=14',3,'nav_menu_item','',0),(17,1,'2016-03-22 18:12:16','2016-03-22 10:12:16','[gallery link=\"none\" ids=\"16,15\"]\r\n\r\nWelcome to WordPress. This is your first post. Edit or delete it, then start writing!','Hello world!','','inherit','closed','closed','','1-revision-v1','','','2016-03-22 18:12:16','2016-03-22 10:12:16','',1,'http://saatchi-mini.dev/2016/03/22/1-revision-v1/',0,'revision','',0),(19,1,'2016-03-22 18:13:52','2016-03-22 10:13:52','[gallery columns=\"2\" ids=\"16,15\"]\r\n\r\nWelcome to WordPress. This is your first post. Edit or delete it, then start writing!','Hello world!','','inherit','closed','closed','','1-revision-v1','','','2016-03-22 18:13:52','2016-03-22 10:13:52','',1,'http://saatchi-mini.dev/2016/03/22/1-revision-v1/',0,'revision','',0),(20,1,'2016-03-22 18:15:58','2016-03-22 10:15:58','Welcome to WordPress. This is your first post. Edit or delete it, then start writing!','Hello world!','','inherit','closed','closed','','1-revision-v1','','','2016-03-22 18:15:58','2016-03-22 10:15:58','',1,'http://saatchi-mini.dev/2016/03/22/1-revision-v1/',0,'revision','',0),(23,1,'2016-03-23 14:13:09','2016-03-23 06:13:09','Welcome to WordPress. This is your first post. Edit or delete it, then start writing!','Hello world!','','inherit','closed','closed','','1-autosave-v1','','','2016-03-23 14:13:09','2016-03-23 06:13:09','',1,'http://saatchi-mini.dev/2016/03/23/1-autosave-v1/',0,'revision','',0),(24,1,'2016-03-23 16:16:39','2016-03-23 08:16:39','dami content1dami content1dami content1dami content1dami content1dami content1dami content1dami content1dami content1dami content1dami content1dami content1dami content1dami content1dami content1dami content1dami content1dami content1dami content1dami content1dami content1dami content1dami content1dami content1dami content1dami content1dami content1dami content1dami content1dami content1dami content1dami content1dami content1dami content1dami content1dami content1dami content1dami content1dami content1dami content1dami content1dami content1dami content1dami content1dami content1dami content1dami content1dami content1dami content1dami content1dami content1dami content1dami content1dami content1dami content1dami content1dami content1dami content1dami content1dami content1dami content1dami content1dami content1dami content1dami content1dami content1dami content1dami content1dami content1dami content1dami content1dami content1dami content1dami content1dami content1dami content1dami content1dami content1dami content1dami content1dami content1dami content1dami content1dami content1dami content1dami content1dami content1dami content1dami content1dami content1dami content1dami content1dami content1dami content1dami content1dami content1dami content1dami content1dami content1dami content1dami content1dami content1dami content1dami content1dami content1dami content1dami content1dami content1dami content1dami content1dami content1dami content1dami content1dami content1dami content1','dami content1','','publish','closed','open','','dami-content1','','','2016-03-24 15:19:40','2016-03-24 07:19:40','',0,'http://saatchi-mini.dev/?p=24',0,'post','',0),(26,1,'2016-03-23 16:16:39','2016-03-23 08:16:39','dami content1dami content1dami content1dami content1dami content1dami content1dami content1dami content1dami content1dami content1dami content1dami content1dami content1dami content1dami content1dami content1dami content1dami content1dami content1dami content1dami content1dami content1dami content1dami content1dami content1dami content1dami content1dami content1dami content1dami content1dami content1dami content1dami content1dami content1dami content1dami content1dami content1dami content1dami content1dami content1dami content1dami content1dami content1dami content1dami content1dami content1dami content1dami content1dami content1dami content1dami content1dami content1dami content1dami content1dami content1dami content1dami content1dami content1dami content1dami content1dami content1dami content1dami content1dami content1dami content1dami content1dami content1dami content1dami content1dami content1dami content1dami content1dami content1dami content1dami content1dami content1dami content1dami content1dami content1dami content1dami content1dami content1dami content1dami content1dami content1dami content1dami content1dami content1dami content1dami content1dami content1dami content1dami content1dami content1dami content1dami content1dami content1dami content1dami content1dami content1dami content1dami content1dami content1dami content1dami content1dami content1dami content1dami content1dami content1dami content1dami content1dami content1dami content1dami content1dami content1','dami content1','','inherit','closed','closed','','24-revision-v1','','','2016-03-23 16:16:39','2016-03-23 08:16:39','',24,'http://saatchi-mini.dev/2016/03/23/24-revision-v1/',0,'revision','',0),(27,1,'2016-03-23 16:18:07','2016-03-23 08:18:07','dami2dami2dami2dami2dami2dami2dami2dami2dami2dami2dami2dami2dami2dami2dami2dami2dami2dami2dami2dami2dami2dami2dami2dami2dami2dami2dami2dami2dami2dami2dami2dami2dami2dami2dami2dami2dami2dami2dami2dami2dami2dami2dami2dami2dami2dami2dami2dami2dami2dami2dami2dami2dami2dami2dami2dami2dami2dami2dami2dami2dami2dami2dami2dami2dami2dami2dami2dami2dami2dami2dami2dami2dami2dami2dami2dami2dami2dami2dami2dami2dami2dami2dami2dami2dami2dami2dami2dami2dami2dami2dami2dami2dami2dami2dami2dami2dami2dami2dami2dami2dami2dami2dami2dami2dami2dami2dami2dami2dami2dami2dami2dami2dami2dami2dami2dami2dami2dami2dami2dami2dami2dami2dami2dami2dami2','dami2','','publish','closed','open','','dami2','','','2016-03-24 15:19:29','2016-03-24 07:19:29','',0,'http://saatchi-mini.dev/?p=27',0,'post','',0),(28,1,'2016-03-23 16:18:07','2016-03-23 08:18:07','dami2dami2dami2dami2dami2dami2dami2dami2dami2dami2dami2dami2dami2dami2dami2dami2dami2dami2dami2dami2dami2dami2dami2dami2dami2dami2dami2dami2dami2dami2dami2dami2dami2dami2dami2dami2dami2dami2dami2dami2dami2dami2dami2dami2dami2dami2dami2dami2dami2dami2dami2dami2dami2dami2dami2dami2dami2dami2dami2dami2dami2dami2dami2dami2dami2dami2dami2dami2dami2dami2dami2dami2dami2dami2dami2dami2dami2dami2dami2dami2dami2dami2dami2dami2dami2dami2dami2dami2dami2dami2dami2dami2dami2dami2dami2dami2dami2dami2dami2dami2dami2dami2dami2dami2dami2dami2dami2dami2dami2dami2dami2dami2dami2dami2dami2dami2dami2dami2dami2dami2dami2dami2dami2dami2dami2','dami2','','inherit','closed','closed','','27-revision-v1','','','2016-03-23 16:18:07','2016-03-23 08:18:07','',27,'http://saatchi-mini.dev/2016/03/23/27-revision-v1/',0,'revision','',0),(29,1,'2016-03-23 16:18:58','2016-03-23 08:18:58','dami3dami3dami3dami3dami3dami3dami3dami3dami3dami3dami3dami3dami3dami3dami3dami3dami3dami3dami3dami3dami3dami3dami3dami3dami3dami3dami3dami3dami3dami3dami3dami3dami3dami3dami3dami3dami3dami3dami3dami3dami3dami3dami3dami3dami3dami3dami3dami3dami3dami3dami3dami3dami3dami3dami3dami3dami3dami3dami3dami3dami3dami3dami3dami3dami3dami3dami3dami3dami3dami3dami3dami3dami3dami3dami3dami3dami3dami3dami3dami3dami3.\r\n\r\ndami3dami3dami3dami3dami3dami3dami3dami3dami3dami3dami3dami3dami3dami3dami3dami3dami3dami3dami3dami3dami3dami3dami3dami3dami3dami3dami3dami3dami3dami3dami3dami3dami3dami3dami3dami3dami3dami3dami3dami3dami3dami3dami3dami3dami3dami3dami3dami3dami3dami3dami3dami3dami3dami3dami3dami3dami3dami3dami3dami3dami3','dami3','','publish','closed','open','','dami3','','','2016-03-24 15:18:50','2016-03-24 07:18:50','',0,'http://saatchi-mini.dev/?p=29',0,'post','',0),(31,1,'2016-03-23 16:18:58','2016-03-23 08:18:58','dami3dami3dami3dami3dami3dami3dami3dami3dami3dami3dami3dami3dami3dami3dami3dami3dami3dami3dami3dami3dami3dami3dami3dami3dami3dami3dami3dami3dami3dami3dami3dami3dami3dami3dami3dami3dami3dami3dami3dami3dami3dami3dami3dami3dami3dami3dami3dami3dami3dami3dami3dami3dami3dami3dami3dami3dami3dami3dami3dami3dami3dami3dami3dami3dami3dami3dami3dami3dami3dami3dami3dami3dami3dami3dami3dami3dami3dami3dami3dami3dami3dami3dami3dami3dami3dami3dami3dami3dami3dami3dami3dami3dami3dami3dami3dami3dami3dami3dami3dami3dami3dami3dami3dami3dami3dami3dami3dami3dami3dami3dami3dami3dami3dami3dami3dami3dami3dami3dami3dami3dami3dami3dami3dami3dami3dami3dami3dami3dami3dami3dami3dami3dami3dami3dami3dami3dami3dami3dami3dami3dami3dami3','dami3','','inherit','closed','closed','','29-revision-v1','','','2016-03-23 16:18:58','2016-03-23 08:18:58','',29,'http://saatchi-mini.dev/2016/03/23/29-revision-v1/',0,'revision','',0),(32,1,'2016-03-23 16:22:23','2016-03-23 08:22:23','dami3dami3dami3dami3dami3dami3dami3dami3dami3dami3dami3dami3dami3dami3dami3dami3dami3dami3dami3dami3dami3dami3dami3dami3dami3dami3dami3dami3dami3dami3dami3dami3dami3dami3dami3dami3dami3dami3dami3dami3dami3dami3dami3dami3dami3dami3dami3dami3dami3dami3dami3dami3dami3dami3dami3dami3dami3dami3dami3dami3dami3dami3dami3dami3dami3dami3dami3dami3dami3dami3dami3dami3dami3dami3dami3dami3dami3dami3dami3dami3dami3.\r\n\r\ndami3dami3dami3dami3dami3dami3dami3dami3dami3dami3dami3dami3dami3dami3dami3dami3dami3dami3dami3dami3dami3dami3dami3dami3dami3dami3dami3dami3dami3dami3dami3dami3dami3dami3dami3dami3dami3dami3dami3dami3dami3dami3dami3dami3dami3dami3dami3dami3dami3dami3dami3dami3dami3dami3dami3dami3dami3dami3dami3dami3dami3','dami3','','inherit','closed','closed','','29-revision-v1','','','2016-03-23 16:22:23','2016-03-23 08:22:23','',29,'http://saatchi-mini.dev/2016/03/23/29-revision-v1/',0,'revision','',0),(33,1,'2016-03-24 11:03:10','2016-03-24 03:03:10','','saatchi','','inherit','closed','closed','','saatchi','','','2016-03-24 11:03:10','2016-03-24 03:03:10','',0,'http://saatchi-mini.dev/wp-content/uploads/2016/03/saatchi.jpg',0,'attachment','image/jpeg',0),(34,1,'2016-03-24 14:29:41','2016-03-24 06:29:41','','Our Purpose','','publish','closed','closed','','our-purpose','','','2016-03-31 10:26:37','2016-03-31 02:26:37','',0,'http://saatchi-mini.dev/?p=34',2,'nav_menu_item','',0),(35,1,'2016-03-24 15:00:44','2016-03-24 07:00:44','','Blog','','trash','closed','open','','blog','','','2016-03-24 15:01:58','2016-03-24 07:01:58','',0,'http://saatchi-mini.dev/?p=35',0,'post','',0),(36,1,'2016-03-24 15:00:44','2016-03-24 07:00:44','','Blog','','inherit','closed','closed','','35-revision-v1','','','2016-03-24 15:00:44','2016-03-24 07:00:44','',35,'http://saatchi-mini.dev/35-revision-v1/',0,'revision','',0),(37,1,'2016-03-24 15:02:15','2016-03-24 07:02:15','','Blog','','publish','closed','closed','','blog','','','2016-03-30 16:40:18','2016-03-30 08:40:18','',42,'http://saatchi-mini.dev/?page_id=37',0,'page','',0),(39,1,'2016-03-24 15:02:15','2016-03-24 07:02:15','','Blog','','inherit','closed','closed','','37-revision-v1','','','2016-03-24 15:02:15','2016-03-24 07:02:15','',37,'http://saatchi-mini.dev/37-revision-v1/',0,'revision','',0),(41,1,'2016-03-24 15:22:23','2016-03-24 07:22:23',' ','','','publish','closed','closed','','41','','','2016-03-31 10:26:37','2016-03-31 02:26:37','',42,'http://saatchi-mini.dev/?p=41',8,'nav_menu_item','',0),(42,1,'2016-03-24 17:25:18','2016-03-24 09:25:18','<h1 style=\"text-align: center;\"><strong>SAATCHI &amp; SAATCHI shoper teams exist to develop</strong></h1>','E-SHOPPER','','publish','closed','closed','','eshopper','','','2016-03-30 17:16:13','2016-03-30 09:16:13','',0,'http://saatchi-mini.dev/?page_id=42',0,'page','',0),(43,1,'2016-03-24 17:25:18','2016-03-24 09:25:18',' ','','','publish','closed','closed','','43','','','2016-03-31 10:26:37','2016-03-31 02:26:37','',0,'http://saatchi-mini.dev/43/',6,'nav_menu_item','',0),(44,1,'2016-03-24 17:25:18','2016-03-24 09:25:18','','top','','inherit','closed','closed','','42-revision-v1','','','2016-03-24 17:25:18','2016-03-24 09:25:18','',42,'http://saatchi-mini.dev/42-revision-v1/',0,'revision','',0),(45,1,'2016-03-24 17:49:39','2016-03-24 09:49:39','<p style=\"text-align: center;\"><strong>SAATCHI &amp; SAATCHI shoper teams exist to develop</strong></p>','top','','inherit','closed','closed','','42-autosave-v1','','','2016-03-24 17:49:39','2016-03-24 09:49:39','',42,'http://saatchi-mini.dev/42-autosave-v1/',0,'revision','',0),(46,1,'2016-03-24 17:33:42','2016-03-24 09:33:42','<strong>SAATCHI &amp; SAATCHI shoper teams exist to develop</strong>','top','','inherit','closed','closed','','42-revision-v1','','','2016-03-24 17:33:42','2016-03-24 09:33:42','',42,'http://saatchi-mini.dev/42-revision-v1/',0,'revision','',0),(47,1,'2016-03-24 18:06:09','2016-03-24 10:06:09','<h1 style=\"text-align: center;\"><strong>SAATCHI &amp; SAATCHI shoper teams exist to develop</strong></h1>','top','','inherit','closed','closed','','42-revision-v1','','','2016-03-24 18:06:09','2016-03-24 10:06:09','',42,'http://saatchi-mini.dev/42-revision-v1/',0,'revision','',0),(48,1,'2016-03-28 11:18:59','2016-03-28 03:18:59','','eshopper','','publish','closed','closed','','new-slider','','','2016-03-28 16:44:05','2016-03-28 08:44:05','',0,'http://saatchi-mini.dev/?post_type=ml-slider&#038;p=48',0,'ml-slider','',0),(50,1,'2016-03-28 11:20:28','2016-03-28 03:20:28','','saatchi_slider','Slider1','inherit','closed','closed','','saatchi_slider','','','2016-03-28 16:44:05','2016-03-28 08:44:05','',0,'http://saatchi-mini.dev/wp-content/uploads/2016/03/saatchi_slider.jpg',0,'attachment','image/jpeg',0),(51,1,'2016-03-28 11:21:45','2016-03-28 03:21:45','','slider','Slider2','inherit','closed','closed','','slider','','','2016-03-28 16:44:05','2016-03-28 08:44:05','',0,'http://saatchi-mini.dev/wp-content/uploads/2016/03/slider.jpg',1,'attachment','image/jpeg',0),(52,1,'2016-03-29 11:47:24','0000-00-00 00:00:00','','Auto Draft','','auto-draft','closed','closed','','','','','2016-03-29 11:47:24','0000-00-00 00:00:00','',0,'http://saatchi-mini.dev/?post_type=event&p=52',0,'event','',0),(53,1,'2016-03-29 12:39:28','0000-00-00 00:00:00','','Auto Draft','','auto-draft','closed','closed','','','','','2016-03-29 12:39:28','0000-00-00 00:00:00','',0,'http://saatchi-mini.dev/?post_type=event&p=53',0,'event','',0),(54,1,'2016-03-29 12:41:26','0000-00-00 00:00:00','','Auto Draft','','auto-draft','closed','open','','','','','2016-03-29 12:41:26','0000-00-00 00:00:00','',0,'http://saatchi-mini.dev/?post_type=event&p=54',0,'event','',0),(55,1,'2016-03-29 12:43:39','0000-00-00 00:00:00','','Auto Draft','','auto-draft','closed','closed','','','','','2016-03-29 12:43:39','0000-00-00 00:00:00','',0,'http://saatchi-mini.dev/?post_type=event&p=55',0,'event','',0),(56,1,'2016-03-29 13:39:10','0000-00-00 00:00:00','','Auto Draft','','auto-draft','closed','closed','','','','','2016-03-29 13:39:10','0000-00-00 00:00:00','',0,'http://saatchi-mini.dev/?post_type=event&p=56',0,'event','',0),(57,1,'2016-03-29 13:44:11','0000-00-00 00:00:00','','Auto Draft','','auto-draft','closed','closed','','','','','2016-03-29 13:44:11','0000-00-00 00:00:00','',0,'http://saatchi-mini.dev/?post_type=event&p=57',0,'event','',0),(59,1,'2016-03-29 17:20:57','0000-00-00 00:00:00','','Auto Draft','','auto-draft','closed','closed','','','','','2016-03-29 17:20:57','0000-00-00 00:00:00','',0,'http://saatchi-mini.dev/?post_type=event&p=59',0,'event','',0),(60,1,'2016-03-29 17:56:21','0000-00-00 00:00:00','','Auto Draft','','auto-draft','closed','closed','','','','','2016-03-29 17:56:21','0000-00-00 00:00:00','',0,'http://saatchi-mini.dev/?post_type=event&p=60',0,'event','',0),(61,1,'2016-03-29 17:59:44','0000-00-00 00:00:00','','Auto Draft','','auto-draft','closed','closed','','','','','2016-03-29 17:59:44','0000-00-00 00:00:00','',0,'http://saatchi-mini.dev/?post_type=event&p=61',0,'event','',0),(62,1,'2016-03-29 18:02:06','0000-00-00 00:00:00','','Auto Draft','','auto-draft','closed','closed','','','','','2016-03-29 18:02:06','0000-00-00 00:00:00','',0,'http://saatchi-mini.dev/?post_type=event&p=62',0,'event','',0),(63,1,'2016-03-29 18:02:13','0000-00-00 00:00:00','','Auto Draft','','auto-draft','closed','closed','','','','','2016-03-29 18:02:13','0000-00-00 00:00:00','',0,'http://saatchi-mini.dev/?post_type=event&p=63',0,'event','',0),(64,1,'2016-03-29 18:02:46','0000-00-00 00:00:00','','Auto Draft','','auto-draft','closed','closed','','','','','2016-03-29 18:02:46','0000-00-00 00:00:00','',0,'http://saatchi-mini.dev/?post_type=event&p=64',0,'event','',0),(65,1,'2016-03-29 18:03:40','0000-00-00 00:00:00','','Auto Draft','','auto-draft','closed','closed','','','','','2016-03-29 18:03:40','0000-00-00 00:00:00','',0,'http://saatchi-mini.dev/?post_type=event&p=65',0,'event','',0),(66,1,'2016-03-29 18:03:56','0000-00-00 00:00:00','','Auto Draft','','auto-draft','closed','closed','','','','','2016-03-29 18:03:56','0000-00-00 00:00:00','',0,'http://saatchi-mini.dev/?post_type=event&p=66',0,'event','',0),(67,1,'2016-03-29 18:08:15','0000-00-00 00:00:00','','Auto Draft','','auto-draft','closed','closed','','','','','2016-03-29 18:08:15','0000-00-00 00:00:00','',0,'http://saatchi-mini.dev/?post_type=event&p=67',0,'event','',0),(68,1,'2016-03-29 18:43:45','0000-00-00 00:00:00','','Auto Draft','','auto-draft','closed','closed','','','','','2016-03-29 18:43:45','0000-00-00 00:00:00','',0,'http://saatchi-mini.dev/?post_type=event&p=68',0,'event','',0),(69,1,'2016-03-30 10:55:41','0000-00-00 00:00:00','','Auto Draft','','auto-draft','closed','closed','','','','','2016-03-30 10:55:41','0000-00-00 00:00:00','',0,'http://saatchi-mini.dev/?post_type=event&p=69',0,'event','',0),(70,1,'2016-03-30 11:06:15','0000-00-00 00:00:00','','Auto Draft','','auto-draft','closed','closed','','','','','2016-03-30 11:06:15','0000-00-00 00:00:00','',0,'http://saatchi-mini.dev/?post_type=event&p=70',0,'event','',0),(71,1,'2016-03-30 11:06:26','0000-00-00 00:00:00','','Auto Draft','','auto-draft','closed','closed','','','','','2016-03-30 11:06:26','0000-00-00 00:00:00','',0,'http://saatchi-mini.dev/?post_type=event&p=71',0,'event','',0),(72,1,'2016-03-30 11:08:19','0000-00-00 00:00:00','','Auto Draft','','auto-draft','closed','closed','','','','','2016-03-30 11:08:19','0000-00-00 00:00:00','',0,'http://saatchi-mini.dev/?post_type=event&p=72',0,'event','',0),(73,1,'2016-03-30 11:10:04','0000-00-00 00:00:00','','Auto Draft','','auto-draft','closed','closed','','','','','2016-03-30 11:10:04','0000-00-00 00:00:00','',0,'http://saatchi-mini.dev/?post_type=event&p=73',0,'event','',0),(74,1,'2016-03-30 11:11:17','0000-00-00 00:00:00','','Auto Draft','','auto-draft','closed','closed','','','','','2016-03-30 11:11:17','0000-00-00 00:00:00','',0,'http://saatchi-mini.dev/?post_type=event&p=74',0,'event','',0),(75,1,'2016-03-30 11:11:33','0000-00-00 00:00:00','','Auto Draft','','auto-draft','closed','closed','','','','','2016-03-30 11:11:33','0000-00-00 00:00:00','',0,'http://saatchi-mini.dev/?post_type=event&p=75',0,'event','',0),(76,1,'2016-03-30 11:12:03','0000-00-00 00:00:00','','Auto Draft','','auto-draft','closed','closed','','','','','2016-03-30 11:12:03','0000-00-00 00:00:00','',0,'http://saatchi-mini.dev/?post_type=event&p=76',0,'event','',0),(77,1,'2016-03-30 11:15:27','0000-00-00 00:00:00','','Auto Draft','','auto-draft','closed','closed','','','','','2016-03-30 11:15:27','0000-00-00 00:00:00','',0,'http://saatchi-mini.dev/?post_type=event&p=77',0,'event','',0),(78,1,'2016-03-30 11:17:54','0000-00-00 00:00:00','','Auto Draft','','auto-draft','closed','closed','','','','','2016-03-30 11:17:54','0000-00-00 00:00:00','',0,'http://saatchi-mini.dev/?post_type=event&p=78',0,'event','',0),(79,1,'2016-03-30 11:22:06','0000-00-00 00:00:00','','Auto Draft','','auto-draft','closed','closed','','','','','2016-03-30 11:22:06','0000-00-00 00:00:00','',0,'http://saatchi-mini.dev/?post_type=event&p=79',0,'event','',0),(80,1,'2016-03-30 11:26:38','0000-00-00 00:00:00','','Auto Draft','','auto-draft','closed','closed','','','','','2016-03-30 11:26:38','0000-00-00 00:00:00','',0,'http://saatchi-mini.dev/?post_type=event&p=80',0,'event','',0),(81,1,'2016-03-30 11:26:54','0000-00-00 00:00:00','','Auto Draft','','auto-draft','closed','closed','','','','','2016-03-30 11:26:54','0000-00-00 00:00:00','',0,'http://saatchi-mini.dev/?post_type=event&p=81',0,'event','',0),(82,1,'2016-03-30 11:27:30','0000-00-00 00:00:00','','Auto Draft','','auto-draft','closed','closed','','','','','2016-03-30 11:27:30','0000-00-00 00:00:00','',0,'http://saatchi-mini.dev/?post_type=event&p=82',0,'event','',0),(83,1,'2016-03-30 11:33:04','0000-00-00 00:00:00','','Auto Draft','','auto-draft','closed','closed','','','','','2016-03-30 11:33:04','0000-00-00 00:00:00','',0,'http://saatchi-mini.dev/?post_type=event&p=83',0,'event','',0),(84,1,'2016-03-30 11:34:13','0000-00-00 00:00:00','','Auto Draft','','auto-draft','closed','closed','','','','','2016-03-30 11:34:13','0000-00-00 00:00:00','',0,'http://saatchi-mini.dev/?post_type=event&p=84',0,'event','',0),(85,1,'2016-03-30 11:49:32','2016-03-30 03:49:32','This is an example page. It\'s different from a blog post because it will stay in one place and will show up in your site navigation (in most themes). Most people start with an About page that introduces them to potential site visitors. It might say something like this:\n\n<blockquote>Hi there! I\'m a bike messenger by day, aspiring actor by night, and this is my website. I live in Los Angeles, have a great dog named Jack, and I like pi&#241;a coladas. (And gettin\' caught in the rain.)</blockquote>\n\n...or something like this:\n\n<blockquote>The XYZ Doohickey Company was founded in 1971, and has been providing quality doohickeys to the public ever since. Located in Gotham City, XYZ employs over 2,000 people and does all kinds of awesome things for the Gotham community.</blockquote>\n\nAs a new WordPress user, you should go to <a href=\"http://saatchi-mini.dev/wp-admin/\">your dashboard</a> to delete this page and create new pages for your content. Have fun!','Sample Page','','inherit','closed','closed','','2-revision-v1','','','2016-03-30 11:49:32','2016-03-30 03:49:32','',2,'http://saatchi-mini.dev/2-revision-v1/',0,'revision','',0),(86,1,'2016-03-30 11:52:45','2016-03-30 03:52:45','Lorem ipsum dolor sit amet, consectetur adipiscing elit. Vivamus hendrerit commodo aliquam. Maecenas vulputate mi arcu, eget lacinia sem pharetra vel. Duis lorem arcu, aliquam ac sem vel, lobortis dapibus ipsum. Donec laoreet id ante ut maximus. Vivamus dignissim magna vitae condimentum finibus. Aliquam eu orci sollicitudin, euismod massa id, pellentesque ante. Vestibulum vitae ligula sodales, pulvinar justo vitae, convallis orci. Pellentesque eget finibus nunc. Phasellus eu dapibus massa, posuere consequat magna. Nulla volutpat felis tempus, lacinia augue at, lobortis dolor. Nulla finibus tristique turpis, non tincidunt ante porta a. Etiam ipsum mi, imperdiet a ligula non, sagittis tristique arcu. Cras ut varius urna. Aenean mi orci, porta a ligula a, faucibus dapibus nulla.\r\n\r\nAliquam ac dui consectetur, convallis sapien non, mollis metus. Phasellus varius velit in nisi laoreet rutrum. In eros mi, faucibus sed tristique eu, hendrerit vitae neque. Nunc sed mauris accumsan, elementum nibh sed, feugiat lacus. Nulla dignissim maximus ipsum, eget iaculis ipsum pretium non. Fusce vel velit justo. Sed mattis tortor enim, ac tristique lacus egestas in. Curabitur et lorem volutpat, posuere nisi eget, consequat urna.','Events1','','publish','closed','closed','','events1','','','2016-03-30 14:34:59','2016-03-30 06:34:59','',0,'http://saatchi-mini.dev/?post_type=event&#038;p=86',0,'event','',0),(87,1,'2016-03-30 13:30:52','2016-03-30 05:30:52','Lorem ipsum dolor sit amet, consectetur adipiscing elit. Vivamus hendrerit commodo aliquam. Maecenas vulputate mi arcu, eget lacinia sem pharetra vel. Duis lorem arcu, aliquam ac sem vel, lobortis dapibus ipsum. Donec laoreet id ante ut maximus. Vivamus dignissim magna vitae condimentum finibus. Aliquam eu orci sollicitudin, euismod massa id, pellentesque ante. Vestibulum vitae ligula sodales, pulvinar justo vitae, convallis orci. Pellentesque eget finibus nunc. Phasellus eu dapibus massa, posuere consequat magna. Nulla volutpat felis tempus, lacinia augue at, lobortis dolor. Nulla finibus tristique turpis, non tincidunt ante porta a. Etiam ipsum mi, imperdiet a ligula non, sagittis tristique arcu. Cras ut varius urna. Aenean mi orci, porta a ligula a, faucibus dapibus nulla.\r\n\r\nAliquam ac dui consectetur, convallis sapien non, mollis metus. Phasellus varius velit in nisi laoreet rutrum. In eros mi, faucibus sed tristique eu, hendrerit vitae neque. Nunc sed mauris accumsan, elementum nibh sed, feugiat lacus. Nulla dignissim maximus ipsum, eget iaculis ipsum pretium non. Fusce vel velit justo. Sed mattis tortor enim, ac tristique lacus egestas in. Curabitur et lorem volutpat, posuere nisi eget, consequat urna.','Events2','','publish','closed','closed','','events2','','','2016-03-30 14:34:04','2016-03-30 06:34:04','',0,'http://saatchi-mini.dev/?post_type=event&#038;p=87',0,'event','',0),(88,1,'2016-03-30 13:32:46','2016-03-30 05:32:46','Lorem ipsum dolor sit amet, consectetur adipiscing elit. Vivamus hendrerit commodo aliquam. Maecenas vulputate mi arcu, eget lacinia sem pharetra vel. Duis lorem arcu, aliquam ac sem vel, lobortis dapibus ipsum. Donec laoreet id ante ut maximus. Vivamus dignissim magna vitae condimentum finibus. Aliquam eu orci sollicitudin, euismod massa id, pellentesque ante. Vestibulum vitae ligula sodales, pulvinar justo vitae, convallis orci. Pellentesque eget finibus nunc. Phasellus eu dapibus massa, posuere consequat magna. Nulla volutpat felis tempus, lacinia augue at, lobortis dolor. Nulla finibus tristique turpis, non tincidunt ante porta a. Etiam ipsum mi, imperdiet a ligula non, sagittis tristique arcu. Cras ut varius urna. Aenean mi orci, porta a ligula a, faucibus dapibus nulla.\r\n\r\nAliquam ac dui consectetur, convallis sapien non, mollis metus. Phasellus varius velit in nisi laoreet rutrum. In eros mi, faucibus sed tristique eu, hendrerit vitae neque. Nunc sed mauris accumsan, elementum nibh sed, feugiat lacus. Nulla dignissim maximus ipsum, eget iaculis ipsum pretium non. Fusce vel velit justo. Sed mattis tortor enim, ac tristique lacus egestas in. Curabitur et lorem volutpat, posuere nisi eget, consequat urna.','Events3','','publish','closed','closed','','events3','','','2016-03-30 14:32:47','2016-03-30 06:32:47','',0,'http://saatchi-mini.dev/?post_type=event&#038;p=88',0,'event','',0),(89,1,'2016-03-30 13:33:00','2016-03-30 05:33:00','','Events3','','inherit','closed','closed','','88-autosave-v1','','','2016-03-30 13:33:00','2016-03-30 05:33:00','',88,'http://saatchi-mini.dev/88-autosave-v1/',0,'revision','',0),(90,1,'2016-03-30 13:34:22','2016-03-30 05:34:22','Lorem ipsum dolor sit amet, consectetur adipiscing elit. Vivamus hendrerit commodo aliquam. Maecenas vulputate mi arcu, eget lacinia sem pharetra vel. Duis lorem arcu, aliquam ac sem vel, lobortis dapibus ipsum. Donec laoreet id ante ut maximus. Vivamus dignissim magna vitae condimentum finibus. Aliquam eu orci sollicitudin, euismod massa id, pellentesque ante. Vestibulum vitae ligula sodales, pulvinar justo vitae, convallis orci. Pellentesque eget finibus nunc. Phasellus eu dapibus massa, posuere consequat magna. Nulla volutpat felis tempus, lacinia augue at, lobortis dolor. Nulla finibus tristique turpis, non tincidunt ante porta a. Etiam ipsum mi, imperdiet a ligula non, sagittis tristique arcu. Cras ut varius urna. Aenean mi orci, porta a ligula a, faucibus dapibus nulla.\r\n\r\nAliquam ac dui consectetur, convallis sapien non, mollis metus. Phasellus varius velit in nisi laoreet rutrum. In eros mi, faucibus sed tristique eu, hendrerit vitae neque. Nunc sed mauris accumsan, elementum nibh sed, feugiat lacus. Nulla dignissim maximus ipsum, eget iaculis ipsum pretium non. Fusce vel velit justo. Sed mattis tortor enim, ac tristique lacus egestas in. Curabitur et lorem volutpat, posuere nisi eget, consequat urna.','Events4','','publish','closed','closed','','events4','','','2016-03-30 14:32:14','2016-03-30 06:32:14','',0,'http://saatchi-mini.dev/?post_type=event&#038;p=90',0,'event','',0),(91,1,'2016-03-30 16:11:38','2016-03-30 08:11:38','','News','','publish','closed','closed','','news','','','2016-03-31 10:26:37','2016-03-31 02:26:37','',0,'http://saatchi-mini.dev/?p=91',3,'nav_menu_item','',0),(92,1,'2016-03-30 16:13:58','2016-03-30 08:13:58','','Work','','publish','closed','closed','','work','','','2016-03-31 10:26:37','2016-03-31 02:26:37','',0,'http://saatchi-mini.dev/?p=92',4,'nav_menu_item','',0),(93,1,'2016-03-30 16:13:58','2016-03-30 08:13:58','','People','','publish','closed','closed','','people','','','2016-03-31 10:26:37','2016-03-31 02:26:37','',0,'http://saatchi-mini.dev/?p=93',5,'nav_menu_item','',0),(94,1,'2016-03-30 16:15:14','2016-03-30 08:15:14','','About Us','','publish','closed','closed','','about-us','','','2016-03-31 10:26:37','2016-03-31 02:26:37','',0,'http://saatchi-mini.dev/?p=94',10,'nav_menu_item','',0),(95,1,'2016-03-30 16:40:03','2016-03-30 08:40:03','This is an example page. It\'s different from a blog post because it will stay in one place and will show up in your site navigation (in most themes). Most people start with an About page that introduces them to potential site visitors. It might say something like this:\r\n<blockquote>Hi there! I\'m a bike messenger by day, aspiring actor by night, and this is my website. I live in Los Angeles, have a great dog named Jack, and I like piña coladas. (And gettin\' caught in the rain.)</blockquote>\r\n...or something like this:\r\n<blockquote>The XYZ Doohickey Company was founded in 1971, and has been providing quality doohickeys to the public ever since. Located in Gotham City, XYZ employs over 2,000 people and does all kinds of awesome things for the Gotham community.</blockquote>\r\nAs a new WordPress user, you should go to <a href=\"http://saatchi-mini.dev/wp-admin/\">your dashboard</a> to delete this page and create new pages for your content. Have fun!','Sample Page','','inherit','closed','closed','','2-revision-v1','','','2016-03-30 16:40:03','2016-03-30 08:40:03','',2,'http://saatchi-mini.dev/2-revision-v1/',0,'revision','',0),(96,1,'2016-03-30 17:15:57','2016-03-30 09:15:57','<h1 style=\"text-align: center;\"><strong>SAATCHI &amp; SAATCHI shoper teams exist to develop</strong></h1>','E-SHOPPER','','inherit','closed','closed','','42-revision-v1','','','2016-03-30 17:15:57','2016-03-30 09:15:57','',42,'http://saatchi-mini.dev/42-revision-v1/',0,'revision','',0),(97,1,'2016-03-31 10:25:59','2016-03-31 02:25:59','','Events','','publish','closed','closed','','events','','','2016-03-31 10:25:59','2016-03-31 02:25:59','',42,'http://saatchi-mini.dev/?page_id=97',0,'page','',0),(98,1,'2016-03-31 10:25:59','2016-03-31 02:25:59','','Events','','inherit','closed','closed','','97-revision-v1','','','2016-03-31 10:25:59','2016-03-31 02:25:59','',97,'http://saatchi-mini.dev/97-revision-v1/',0,'revision','',0),(99,1,'2016-03-31 10:26:37','2016-03-31 02:26:37',' ','','','publish','closed','closed','','99','','','2016-03-31 10:26:37','2016-03-31 02:26:37','',42,'http://saatchi-mini.dev/?p=99',9,'nav_menu_item','',0);
/*!40000 ALTER TABLE `miniposts` ENABLE KEYS */;
UNLOCK TABLES;

--
-- Table structure for table `miniterm_relationships`
--

DROP TABLE IF EXISTS `miniterm_relationships`;
/*!40101 SET @saved_cs_client     = @@character_set_client */;
/*!40101 SET character_set_client = utf8 */;
CREATE TABLE `miniterm_relationships` (
  `object_id` bigint(20) unsigned NOT NULL DEFAULT '0',
  `term_taxonomy_id` bigint(20) unsigned NOT NULL DEFAULT '0',
  `term_order` int(11) NOT NULL DEFAULT '0',
  PRIMARY KEY (`object_id`,`term_taxonomy_id`),
  KEY `term_taxonomy_id` (`term_taxonomy_id`)
) ENGINE=InnoDB DEFAULT CHARSET=utf8mb4 COLLATE=utf8mb4_unicode_ci;
/*!40101 SET character_set_client = @saved_cs_client */;

--
-- Dumping data for table `miniterm_relationships`
--

LOCK TABLES `miniterm_relationships` WRITE;
/*!40000 ALTER TABLE `miniterm_relationships` DISABLE KEYS */;
INSERT INTO `miniterm_relationships` VALUES (1,4,0),(10,2,0),(11,2,0),(12,3,0),(13,3,0),(14,3,0),(24,4,0),(27,4,0),(29,4,0),(34,2,0),(35,1,0),(41,2,0),(43,2,0),(50,20,0),(51,20,0),(91,2,0),(92,2,0),(93,2,0),(94,2,0),(99,2,0);
/*!40000 ALTER TABLE `miniterm_relationships` ENABLE KEYS */;
UNLOCK TABLES;

--
-- Table structure for table `miniterm_taxonomy`
--

DROP TABLE IF EXISTS `miniterm_taxonomy`;
/*!40101 SET @saved_cs_client     = @@character_set_client */;
/*!40101 SET character_set_client = utf8 */;
CREATE TABLE `miniterm_taxonomy` (
  `term_taxonomy_id` bigint(20) unsigned NOT NULL AUTO_INCREMENT,
  `term_id` bigint(20) unsigned NOT NULL DEFAULT '0',
  `taxonomy` varchar(32) COLLATE utf8mb4_unicode_ci NOT NULL DEFAULT '',
  `description` longtext COLLATE utf8mb4_unicode_ci NOT NULL,
  `parent` bigint(20) unsigned NOT NULL DEFAULT '0',
  `count` bigint(20) NOT NULL DEFAULT '0',
  PRIMARY KEY (`term_taxonomy_id`),
  UNIQUE KEY `term_id_taxonomy` (`term_id`,`taxonomy`),
  KEY `taxonomy` (`taxonomy`)
) ENGINE=InnoDB AUTO_INCREMENT=21 DEFAULT CHARSET=utf8mb4 COLLATE=utf8mb4_unicode_ci;
/*!40101 SET character_set_client = @saved_cs_client */;

--
-- Dumping data for table `miniterm_taxonomy`
--

LOCK TABLES `miniterm_taxonomy` WRITE;
/*!40000 ALTER TABLE `miniterm_taxonomy` DISABLE KEYS */;
INSERT INTO `miniterm_taxonomy` VALUES (1,1,'category','',0,0),(2,2,'nav_menu','',0,10),(3,3,'nav_menu','',0,3),(4,4,'category','',0,4),(5,5,'category','',0,0),(6,6,'category','',5,0),(7,7,'category','',5,0),(8,8,'category','',5,0),(9,9,'category','',5,0),(10,10,'category','',0,0),(11,11,'category','',10,0),(12,12,'category','',10,0),(14,14,'category','',0,0),(15,15,'category','',14,0),(16,16,'category','',14,0),(17,17,'category','',0,0),(18,18,'category','',17,0),(19,19,'category','',17,0),(20,20,'ml-slider','',0,0);
/*!40000 ALTER TABLE `miniterm_taxonomy` ENABLE KEYS */;
UNLOCK TABLES;

--
-- Table structure for table `minitermmeta`
--

DROP TABLE IF EXISTS `minitermmeta`;
/*!40101 SET @saved_cs_client     = @@character_set_client */;
/*!40101 SET character_set_client = utf8 */;
CREATE TABLE `minitermmeta` (
  `meta_id` bigint(20) unsigned NOT NULL AUTO_INCREMENT,
  `term_id` bigint(20) unsigned NOT NULL DEFAULT '0',
  `meta_key` varchar(255) COLLATE utf8mb4_unicode_ci DEFAULT NULL,
  `meta_value` longtext COLLATE utf8mb4_unicode_ci,
  PRIMARY KEY (`meta_id`),
  KEY `term_id` (`term_id`),
  KEY `meta_key` (`meta_key`(191))
) ENGINE=InnoDB DEFAULT CHARSET=utf8mb4 COLLATE=utf8mb4_unicode_ci;
/*!40101 SET character_set_client = @saved_cs_client */;

--
-- Dumping data for table `minitermmeta`
--

LOCK TABLES `minitermmeta` WRITE;
/*!40000 ALTER TABLE `minitermmeta` DISABLE KEYS */;
/*!40000 ALTER TABLE `minitermmeta` ENABLE KEYS */;
UNLOCK TABLES;

--
-- Table structure for table `miniterms`
--

DROP TABLE IF EXISTS `miniterms`;
/*!40101 SET @saved_cs_client     = @@character_set_client */;
/*!40101 SET character_set_client = utf8 */;
CREATE TABLE `miniterms` (
  `term_id` bigint(20) unsigned NOT NULL AUTO_INCREMENT,
  `name` varchar(200) COLLATE utf8mb4_unicode_ci NOT NULL DEFAULT '',
  `slug` varchar(200) COLLATE utf8mb4_unicode_ci NOT NULL DEFAULT '',
  `term_group` bigint(10) NOT NULL DEFAULT '0',
  PRIMARY KEY (`term_id`),
  KEY `slug` (`slug`(191)),
  KEY `name` (`name`(191))
) ENGINE=InnoDB AUTO_INCREMENT=21 DEFAULT CHARSET=utf8mb4 COLLATE=utf8mb4_unicode_ci;
/*!40101 SET character_set_client = @saved_cs_client */;

--
-- Dumping data for table `miniterms`
--

LOCK TABLES `miniterms` WRITE;
/*!40000 ALTER TABLE `miniterms` DISABLE KEYS */;
INSERT INTO `miniterms` VALUES (1,'Uncategorized','uncategorized',0),(2,'main','main',0),(3,'footer','footer',0),(4,'blog','blog',0),(5,'Strategy','strategy',0),(6,'Shopper Understanding','shopper-understanding',0),(7,'eTailer','etailer',0),(8,'Digital Marketing','digital-marketing',0),(9,'Strategy Building','strategy-building',0),(10,'Creative','creative',0),(11,'Campaign','campaign',0),(12,'Online Display Assets','online-display-assets',0),(14,'Marketplaces','marketplaces',0),(15,'JD / JingDong','jd-jingdong',0),(16,'Tmall / Taobao','tmall-taobao',0),(17,'Technology','technology',0),(18,'DemandWare','demandware',0),(19,'Magento','magento',0),(20,'48','48',0);
/*!40000 ALTER TABLE `miniterms` ENABLE KEYS */;
UNLOCK TABLES;

--
-- Table structure for table `miniusermeta`
--

DROP TABLE IF EXISTS `miniusermeta`;
/*!40101 SET @saved_cs_client     = @@character_set_client */;
/*!40101 SET character_set_client = utf8 */;
CREATE TABLE `miniusermeta` (
  `umeta_id` bigint(20) unsigned NOT NULL AUTO_INCREMENT,
  `user_id` bigint(20) unsigned NOT NULL DEFAULT '0',
  `meta_key` varchar(255) COLLATE utf8mb4_unicode_ci DEFAULT NULL,
  `meta_value` longtext COLLATE utf8mb4_unicode_ci,
  PRIMARY KEY (`umeta_id`),
  KEY `user_id` (`user_id`),
  KEY `meta_key` (`meta_key`(191))
) ENGINE=InnoDB AUTO_INCREMENT=37 DEFAULT CHARSET=utf8mb4 COLLATE=utf8mb4_unicode_ci;
/*!40101 SET character_set_client = @saved_cs_client */;

--
-- Dumping data for table `miniusermeta`
--

LOCK TABLES `miniusermeta` WRITE;
/*!40000 ALTER TABLE `miniusermeta` DISABLE KEYS */;
INSERT INTO `miniusermeta` VALUES (1,1,'nickname','devteam'),(2,1,'first_name',''),(3,1,'last_name',''),(4,1,'description',''),(5,1,'rich_editing','true'),(6,1,'comment_shortcuts','false'),(7,1,'admin_color','fresh'),(8,1,'use_ssl','0'),(9,1,'show_admin_bar_front','true'),(10,1,'minicapabilities','a:1:{s:13:\"administrator\";b:1;}'),(11,1,'miniuser_level','10'),(12,1,'dismissed_wp_pointers',''),(13,1,'show_welcome_panel','1'),(15,1,'minidashboard_quick_press_last_post_id','3'),(17,1,'managenav-menuscolumnshidden','a:2:{i:0;s:3:\"xfn\";i:1;s:11:\"description\";}'),(18,1,'metaboxhidden_nav-menus','a:2:{i:0;s:12:\"add-post_tag\";i:1;s:15:\"add-post_format\";}'),(19,1,'nav_menu_recently_edited','2'),(20,1,'closedpostboxes_post','a:1:{i:0;s:9:\"formatdiv\";}'),(21,1,'metaboxhidden_post','a:3:{i:0;s:13:\"trackbacksdiv\";i:1;s:16:\"commentstatusdiv\";i:2;s:11:\"commentsdiv\";}'),(22,1,'miniuser-settings','editor=tinymce&libraryContent=browse'),(23,1,'miniuser-settings-time','1459138525'),(24,1,'meta-box-order_post','a:3:{s:4:\"side\";s:61:\"submitdiv,formatdiv,categorydiv,tagsdiv-post_tag,postimagediv\";s:6:\"normal\";s:93:\"postexcerpt,trackbacksdiv,post_note,postcustom,commentstatusdiv,commentsdiv,slugdiv,authordiv\";s:8:\"advanced\";s:0:\"\";}'),(25,1,'screen_layout_post','2'),(26,1,'minimedia_library_mode','list'),(29,1,'closedpostboxes_event','a:0:{}'),(30,1,'metaboxhidden_event','a:1:{i:0;s:7:\"slugdiv\";}'),(31,1,'manageedit-eventcolumnshidden','a:0:{}'),(32,1,'meta-box-order_event','a:3:{s:4:\"side\";s:32:\"submitdiv,formatdiv,postimagediv\";s:6:\"normal\";s:40:\"post_event,postexcerpt,slugdiv,authordiv\";s:8:\"advanced\";s:0:\"\";}'),(33,1,'screen_layout_event','2'),(34,1,'closedpostboxes_dashboard','a:1:{i:0;s:19:\"dashboard_right_now\";}'),(35,1,'metaboxhidden_dashboard','a:0:{}'),(36,1,'session_tokens','a:4:{s:64:\"5dfbd47d63d36500d934d9181dcf15d73314a12512355865c44aab31bfd08e07\";a:4:{s:10:\"expiration\";i:1459499681;s:2:\"ip\";s:12:\"192.168.33.1\";s:2:\"ua\";s:72:\"Mozilla/5.0 (Windows NT 6.3; WOW64; rv:45.0) Gecko/20100101 Firefox/45.0\";s:5:\"login\";i:1459326881;}s:64:\"0c30d641ccb3d1986d9132c1332fe77bd939e57f7d6b6544948bd91f417bdac6\";a:4:{s:10:\"expiration\";i:1459505291;s:2:\"ip\";s:12:\"192.168.33.1\";s:2:\"ua\";s:72:\"Mozilla/5.0 (Windows NT 6.3; WOW64; rv:45.0) Gecko/20100101 Firefox/45.0\";s:5:\"login\";i:1459332491;}s:64:\"8ea5ae00b086b0d8964c72ffc91e2acbd3d91db08d124369ec0ee89e8f3aaa40\";a:4:{s:10:\"expiration\";i:1459505385;s:2:\"ip\";s:12:\"192.168.33.1\";s:2:\"ua\";s:108:\"Mozilla/5.0 (Windows NT 6.3; WOW64) AppleWebKit/537.36 (KHTML, like Gecko) Chrome/49.0.2623.87 Safari/537.36\";s:5:\"login\";i:1459332585;}s:64:\"a374e4f043c0b64da7e0b6cc5e79badf263bd082c14a2d08a7f5e7fff36a35db\";a:4:{s:10:\"expiration\";i:1459563900;s:2:\"ip\";s:12:\"192.168.33.1\";s:2:\"ua\";s:109:\"Mozilla/5.0 (Windows NT 6.3; WOW64) AppleWebKit/537.36 (KHTML, like Gecko) Chrome/49.0.2623.110 Safari/537.36\";s:5:\"login\";i:1459391100;}}');
/*!40000 ALTER TABLE `miniusermeta` ENABLE KEYS */;
UNLOCK TABLES;

--
-- Table structure for table `miniusers`
--

DROP TABLE IF EXISTS `miniusers`;
/*!40101 SET @saved_cs_client     = @@character_set_client */;
/*!40101 SET character_set_client = utf8 */;
CREATE TABLE `miniusers` (
  `ID` bigint(20) unsigned NOT NULL AUTO_INCREMENT,
  `user_login` varchar(60) COLLATE utf8mb4_unicode_ci NOT NULL DEFAULT '',
  `user_pass` varchar(255) COLLATE utf8mb4_unicode_ci NOT NULL DEFAULT '',
  `user_nicename` varchar(50) COLLATE utf8mb4_unicode_ci NOT NULL DEFAULT '',
  `user_email` varchar(100) COLLATE utf8mb4_unicode_ci NOT NULL DEFAULT '',
  `user_url` varchar(100) COLLATE utf8mb4_unicode_ci NOT NULL DEFAULT '',
  `user_registered` datetime NOT NULL DEFAULT '0000-00-00 00:00:00',
  `user_activation_key` varchar(255) COLLATE utf8mb4_unicode_ci NOT NULL DEFAULT '',
  `user_status` int(11) NOT NULL DEFAULT '0',
  `display_name` varchar(250) COLLATE utf8mb4_unicode_ci NOT NULL DEFAULT '',
  PRIMARY KEY (`ID`),
  KEY `user_login_key` (`user_login`),
  KEY `user_nicename` (`user_nicename`)
) ENGINE=InnoDB AUTO_INCREMENT=2 DEFAULT CHARSET=utf8mb4 COLLATE=utf8mb4_unicode_ci;
/*!40101 SET character_set_client = @saved_cs_client */;

--
-- Dumping data for table `miniusers`
--

LOCK TABLES `miniusers` WRITE;
/*!40000 ALTER TABLE `miniusers` DISABLE KEYS */;
INSERT INTO `miniusers` VALUES (1,'devteam','$P$BZr58U7EPSqeK6I8mWQiLv39PDcynd.','devteam','jung.li@saatchi.com.cn','','2016-03-14 07:54:46','',0,'devteam');
/*!40000 ALTER TABLE `miniusers` ENABLE KEYS */;
UNLOCK TABLES;
/*!40103 SET TIME_ZONE=@OLD_TIME_ZONE */;

/*!40101 SET SQL_MODE=@OLD_SQL_MODE */;
/*!40014 SET FOREIGN_KEY_CHECKS=@OLD_FOREIGN_KEY_CHECKS */;
/*!40014 SET UNIQUE_CHECKS=@OLD_UNIQUE_CHECKS */;
/*!40101 SET CHARACTER_SET_CLIENT=@OLD_CHARACTER_SET_CLIENT */;
/*!40101 SET CHARACTER_SET_RESULTS=@OLD_CHARACTER_SET_RESULTS */;
/*!40101 SET COLLATION_CONNECTION=@OLD_COLLATION_CONNECTION */;
/*!40111 SET SQL_NOTES=@OLD_SQL_NOTES */;

-- Dump completed on 2016-03-31 10:39:00
